,DateTime,Open,High,Low,Close
0,2022-11-21 14:30:00,11649.5,11676.75,11648.25,11672.0
1,2022-11-21 14:31:00,11672.0,11691.25,11670.25,11687.75
2,2022-11-21 14:32:00,11687.5,11694.0,11671.5,11672.5
3,2022-11-21 14:33:00,11672.5,11672.75,11657.5,11657.75
4,2022-11-21 14:34:00,11658.0,11659.0,11632.0,11639.25
5,2022-11-21 14:35:00,11639.25,11653.0,11636.25,11641.25
6,2022-11-21 14:36:00,11641.0,11641.5,11628.25,11639.5
7,2022-11-21 14:37:00,11639.5,11645.5,11634.5,11635.0
8,2022-11-21 14:38:00,11636.0,11646.0,11631.0,11640.25
9,2022-11-21 14:39:00,11640.75,11644.25,11638.75,11642.75
10,2022-11-21 14:40:00,11642.75,11665.75,11639.25,11661.0
11,2022-11-21 14:41:00,11660.75,11666.25,11652.5,11664.0
12,2022-11-21 14:42:00,11664.0,11670.25,11661.0,11664.5
13,2022-11-21 14:43:00,11664.5,11667.5,11653.5,11661.0
14,2022-11-21 14:44:00,11660.25,11667.5,11651.0,11652.25
15,2022-11-21 14:45:00,11652.5,11662.75,11643.25,11659.5
16,2022-11-21 14:46:00,11658.5,11682.0,11658.5,11674.25
17,2022-11-21 14:47:00,11674.75,11691.75,11669.0,11687.75
18,2022-11-21 14:48:00,11688.0,11690.75,11678.5,11679.5
19,2022-11-21 14:49:00,11680.0,11684.25,11674.25,11683.5
20,2022-11-21 14:50:00,11683.5,11690.25,11674.5,11681.5
21,2022-11-21 14:51:00,11681.0,11698.0,11679.0,11695.0
22,2022-11-21 14:52:00,11695.25,11699.75,11689.5,11692.5
23,2022-11-21 14:53:00,11692.0,11697.0,11681.75,11683.75
24,2022-11-21 14:54:00,11684.25,11688.5,11677.75,11683.75
25,2022-11-21 14:55:00,11682.5,11686.0,11666.0,11669.75
26,2022-11-21 14:56:00,11669.5,11674.5,11665.5,11671.25
27,2022-11-21 14:57:00,11672.0,11675.5,11667.5,11671.0
28,2022-11-21 14:58:00,11671.0,11671.75,11662.25,11663.5
29,2022-11-21 14:59:00,11663.75,11666.25,11655.75,11662.5
30,2022-11-21 15:00:00,11663.0,11672.25,11657.25,11672.0
31,2022-11-21 15:01:00,11671.5,11674.5,11661.25,11666.25
32,2022-11-21 15:02:00,11666.25,11667.25,11642.0,11642.5
33,2022-11-21 15:03:00,11642.25,11648.25,11638.75,11640.75
34,2022-11-21 15:04:00,11640.5,11641.5,11631.0,11633.75
35,2022-11-21 15:05:00,11633.75,11637.5,11630.0,11631.25
36,2022-11-21 15:06:00,11632.0,11636.75,11613.0,11621.75
37,2022-11-21 15:07:00,11622.25,11624.0,11615.0,11622.0
38,2022-11-21 15:08:00,11622.0,11628.5,11619.25,11627.25
39,2022-11-21 15:09:00,11627.0,11633.0,11624.0,11631.25
40,2022-11-21 15:10:00,11630.0,11634.0,11624.25,11625.5
41,2022-11-21 15:11:00,11625.5,11631.5,11618.25,11630.5
42,2022-11-21 15:12:00,11630.25,11638.25,11625.0,11634.25
43,2022-11-21 15:13:00,11634.0,11637.75,11625.0,11625.5
44,2022-11-21 15:14:00,11625.75,11633.75,11620.5,11620.75
45,2022-11-21 15:15:00,11620.25,11630.25,11620.0,11626.75
46,2022-11-21 15:16:00,11626.5,11634.75,11616.0,11632.25
47,2022-11-21 15:17:00,11631.5,11634.0,11625.25,11626.25
48,2022-11-21 15:18:00,11627.0,11638.75,11623.0,11636.0
49,2022-11-21 15:19:00,11636.5,11636.75,11627.25,11633.75
50,2022-11-21 15:20:00,11633.25,11635.25,11621.75,11622.0
51,2022-11-21 15:21:00,11622.0,11626.0,11606.5,11608.75
52,2022-11-21 15:22:00,11609.25,11609.5,11587.25,11591.75
53,2022-11-21 15:23:00,11591.25,11606.0,11589.25,11599.75
54,2022-11-21 15:24:00,11599.0,11608.0,11596.5,11606.25
55,2022-11-21 15:25:00,11606.25,11613.25,11603.5,11608.0
56,2022-11-21 15:26:00,11608.25,11612.25,11604.0,11605.75
57,2022-11-21 15:27:00,11605.75,11608.5,11604.25,11606.0
58,2022-11-21 15:28:00,11606.0,11607.5,11600.0,11602.5
59,2022-11-21 15:29:00,11602.25,11614.0,11600.75,11604.25
60,2022-11-21 15:30:00,11604.5,11609.5,11595.75,11608.5
61,2022-11-21 15:31:00,11608.25,11614.25,11606.0,11611.0
62,2022-11-21 15:32:00,11610.75,11611.5,11604.25,11610.0
63,2022-11-21 15:33:00,11609.75,11610.25,11597.75,11598.75
64,2022-11-21 15:34:00,11598.5,11604.5,11595.75,11597.5
65,2022-11-21 15:35:00,11596.75,11605.0,11596.25,11601.25
66,2022-11-21 15:36:00,11601.5,11612.75,11596.5,11608.25
67,2022-11-21 15:37:00,11607.75,11615.75,11607.75,11613.75
68,2022-11-21 15:38:00,11613.5,11614.75,11604.5,11605.0
69,2022-11-21 15:39:00,11605.25,11606.75,11601.25,11601.5
70,2022-11-21 15:40:00,11601.0,11608.0,11600.0,11601.25
71,2022-11-21 15:41:00,11600.75,11609.0,11600.0,11604.25
72,2022-11-21 15:42:00,11604.5,11605.5,11599.0,11601.25
73,2022-11-21 15:43:00,11601.0,11608.0,11588.25,11589.75
74,2022-11-21 15:44:00,11589.75,11592.5,11581.75,11590.5
75,2022-11-21 15:45:00,11590.25,11592.0,11575.75,11583.25
76,2022-11-21 15:46:00,11583.75,11585.5,11577.0,11580.5
77,2022-11-21 15:47:00,11581.0,11583.75,11575.0,11580.25
78,2022-11-21 15:48:00,11580.25,11589.5,11577.25,11582.25
79,2022-11-21 15:49:00,11582.0,11587.0,11581.25,11581.75
80,2022-11-21 15:50:00,11581.75,11585.0,11578.0,11580.5
81,2022-11-21 15:51:00,11580.75,11589.0,11580.5,11584.75
82,2022-11-21 15:52:00,11584.75,11589.25,11581.75,11587.25
83,2022-11-21 15:53:00,11587.0,11588.75,11581.5,11582.0
84,2022-11-21 15:54:00,11582.25,11588.5,11580.75,11588.0
85,2022-11-21 15:55:00,11587.75,11594.75,11586.5,11593.25
86,2022-11-21 15:56:00,11593.0,11602.75,11592.5,11598.5
87,2022-11-21 15:57:00,11598.25,11599.25,11590.75,11592.5
88,2022-11-21 15:58:00,11592.25,11599.75,11590.0,11597.0
89,2022-11-21 15:59:00,11596.25,11602.25,11594.25,11598.0
90,2022-11-21 16:00:00,11598.25,11605.25,11590.25,11601.5
91,2022-11-21 16:01:00,11601.25,11602.0,11593.25,11595.75
92,2022-11-21 16:02:00,11595.5,11598.5,11589.5,11592.0
93,2022-11-21 16:03:00,11591.75,11592.0,11586.0,11588.5
94,2022-11-21 16:04:00,11588.5,11598.75,11588.5,11594.5
95,2022-11-21 16:05:00,11594.5,11602.75,11592.5,11602.0
96,2022-11-21 16:06:00,11602.0,11605.75,11594.75,11602.5
97,2022-11-21 16:07:00,11602.5,11610.25,11601.75,11609.75
98,2022-11-21 16:08:00,11609.5,11611.0,11602.5,11606.75
99,2022-11-21 16:09:00,11606.75,11609.5,11604.75,11605.0
100,2022-11-21 16:10:00,11605.0,11606.5,11599.0,11604.25
101,2022-11-21 16:11:00,11604.25,11606.5,11600.0,11603.25
102,2022-11-21 16:12:00,11603.0,11603.75,11598.75,11599.75
103,2022-11-21 16:13:00,11599.25,11618.5,11598.75,11611.5
104,2022-11-21 16:14:00,11612.0,11617.0,11607.0,11611.25
105,2022-11-21 16:15:00,11610.5,11617.0,11610.0,11615.0
106,2022-11-21 16:16:00,11615.5,11624.25,11612.0,11622.75
107,2022-11-21 16:17:00,11622.75,11625.25,11617.75,11619.75
108,2022-11-21 16:18:00,11619.5,11623.5,11617.75,11619.75
109,2022-11-21 16:19:00,11619.25,11619.5,11608.5,11610.5
110,2022-11-21 16:20:00,11610.25,11614.25,11605.75,11611.25
111,2022-11-21 16:21:00,11611.0,11617.75,11610.25,11616.5
112,2022-11-21 16:22:00,11616.25,11617.5,11611.25,11616.5
113,2022-11-21 16:23:00,11616.5,11622.5,11615.0,11618.0
114,2022-11-21 16:24:00,11618.0,11627.75,11618.0,11623.75
115,2022-11-21 16:25:00,11624.0,11629.25,11620.0,11622.0
116,2022-11-21 16:26:00,11621.75,11623.75,11615.25,11616.25
117,2022-11-21 16:27:00,11615.75,11616.5,11607.0,11607.5
118,2022-11-21 16:28:00,11607.5,11613.75,11606.75,11610.5
119,2022-11-21 16:29:00,11610.5,11612.0,11601.0,11605.5
120,2022-11-21 16:30:00,11606.0,11609.75,11601.0,11607.25
121,2022-11-21 16:31:00,11607.25,11609.5,11597.5,11597.5
122,2022-11-21 16:32:00,11598.0,11604.75,11593.25,11596.25
123,2022-11-21 16:33:00,11597.0,11598.0,11590.75,11594.0
124,2022-11-21 16:34:00,11594.0,11595.5,11587.75,11592.0
125,2022-11-21 16:35:00,11592.25,11602.0,11591.75,11599.0
126,2022-11-21 16:36:00,11598.5,11600.75,11595.75,11597.75
127,2022-11-21 16:37:00,11597.5,11604.0,11595.0,11603.25
128,2022-11-21 16:38:00,11602.75,11605.0,11599.75,11600.0
129,2022-11-21 16:39:00,11600.0,11602.0,11592.25,11596.25
130,2022-11-21 16:40:00,11596.0,11602.75,11591.5,11601.75
131,2022-11-21 16:41:00,11601.75,11608.0,11598.5,11605.75
132,2022-11-21 16:42:00,11605.75,11608.75,11593.0,11593.25
133,2022-11-21 16:43:00,11593.5,11597.25,11589.75,11593.0
134,2022-11-21 16:44:00,11592.5,11594.75,11586.75,11590.75
135,2022-11-21 16:45:00,11589.25,11596.25,11584.5,11594.25
136,2022-11-21 16:46:00,11594.0,11599.25,11593.0,11597.5
137,2022-11-21 16:47:00,11597.5,11599.75,11592.25,11593.5
138,2022-11-21 16:48:00,11593.5,11599.75,11590.25,11597.25
139,2022-11-21 16:49:00,11597.5,11600.75,11595.5,11597.0
140,2022-11-21 16:50:00,11597.0,11603.0,11594.5,11597.5
141,2022-11-21 16:51:00,11597.5,11601.5,11591.75,11596.25
142,2022-11-21 16:52:00,11596.5,11604.0,11596.5,11603.0
143,2022-11-21 16:53:00,11603.0,11613.5,11603.0,11612.5
144,2022-11-21 16:54:00,11612.0,11612.5,11602.25,11602.5
145,2022-11-21 16:55:00,11602.5,11604.25,11592.25,11593.75
146,2022-11-21 16:56:00,11593.5,11595.25,11585.0,11586.0
147,2022-11-21 16:57:00,11586.0,11586.0,11564.5,11568.5
148,2022-11-21 16:58:00,11567.75,11573.5,11565.5,11570.5
149,2022-11-21 16:59:00,11570.75,11581.75,11570.25,11578.25
150,2022-11-21 17:00:00,11578.25,11593.0,11575.0,11590.5
151,2022-11-21 17:01:00,11591.25,11601.0,11589.0,11594.75
152,2022-11-21 17:02:00,11594.75,11596.25,11585.0,11587.75
153,2022-11-21 17:03:00,11587.25,11589.0,11581.5,11583.0
154,2022-11-21 17:04:00,11582.5,11588.5,11580.75,11583.5
155,2022-11-21 17:05:00,11583.5,11592.25,11580.5,11582.5
156,2022-11-21 17:06:00,11582.25,11584.5,11577.75,11583.0
157,2022-11-21 17:07:00,11582.75,11585.25,11576.5,11580.0
158,2022-11-21 17:08:00,11580.5,11589.25,11578.75,11585.75
159,2022-11-21 17:09:00,11586.5,11588.5,11581.0,11582.0
160,2022-11-21 17:10:00,11581.5,11587.0,11577.5,11581.0
161,2022-11-21 17:11:00,11581.25,11590.5,11580.5,11588.0
162,2022-11-21 17:12:00,11587.75,11591.25,11582.25,11589.25
163,2022-11-21 17:13:00,11587.75,11589.5,11581.0,11581.0
164,2022-11-21 17:14:00,11581.25,11583.0,11574.25,11575.25
165,2022-11-21 17:15:00,11575.75,11582.0,11574.5,11577.5
166,2022-11-21 17:16:00,11577.5,11578.0,11571.75,11574.0
167,2022-11-21 17:17:00,11574.0,11577.75,11572.0,11574.25
168,2022-11-21 17:18:00,11573.5,11576.25,11572.5,11574.25
169,2022-11-21 17:19:00,11574.25,11577.5,11566.5,11575.0
170,2022-11-21 17:20:00,11575.0,11575.5,11565.0,11568.75
171,2022-11-21 17:21:00,11568.5,11572.5,11560.25,11569.5
172,2022-11-21 17:22:00,11569.25,11572.0,11566.5,11568.25
173,2022-11-21 17:23:00,11567.75,11576.0,11566.5,11574.0
174,2022-11-21 17:24:00,11573.5,11574.0,11569.25,11570.75
175,2022-11-21 17:25:00,11570.25,11576.5,11568.75,11575.25
176,2022-11-21 17:26:00,11575.75,11576.75,11567.25,11569.0
177,2022-11-21 17:27:00,11569.0,11571.5,11560.75,11562.0
178,2022-11-21 17:28:00,11562.0,11564.0,11558.5,11560.5
179,2022-11-21 17:29:00,11560.25,11564.75,11560.0,11561.0
180,2022-11-21 17:30:00,11561.5,11571.5,11558.75,11571.0
181,2022-11-21 17:31:00,11571.25,11573.0,11564.75,11565.75
182,2022-11-21 17:32:00,11566.0,11574.25,11566.0,11572.0
183,2022-11-21 17:33:00,11571.75,11576.75,11569.25,11574.0
184,2022-11-21 17:34:00,11574.25,11582.75,11573.0,11580.0
185,2022-11-21 17:35:00,11579.75,11583.0,11577.0,11582.5
186,2022-11-21 17:36:00,11582.25,11595.75,11581.75,11589.5
187,2022-11-21 17:37:00,11589.5,11590.25,11583.5,11586.75
188,2022-11-21 17:38:00,11586.75,11588.5,11577.75,11578.5
189,2022-11-21 17:39:00,11578.75,11582.0,11578.0,11580.5
190,2022-11-21 17:40:00,11581.0,11586.5,11578.0,11586.0
191,2022-11-21 17:41:00,11585.5,11587.5,11577.25,11578.25
192,2022-11-21 17:42:00,11578.5,11584.0,11578.5,11581.75
193,2022-11-21 17:43:00,11582.0,11584.75,11579.75,11583.25
194,2022-11-21 17:44:00,11583.25,11586.75,11582.0,11585.5
195,2022-11-21 17:45:00,11586.25,11590.25,11585.5,11589.5
196,2022-11-21 17:46:00,11589.75,11592.5,11584.25,11584.5
197,2022-11-21 17:47:00,11584.75,11586.5,11578.5,11581.0
198,2022-11-21 17:48:00,11581.0,11584.0,11578.75,11581.5
199,2022-11-21 17:49:00,11581.75,11582.75,11575.5,11577.75
200,2022-11-21 17:50:00,11578.0,11578.25,11567.75,11572.5
201,2022-11-21 17:51:00,11572.5,11574.75,11568.0,11572.0
202,2022-11-21 17:52:00,11572.5,11574.25,11567.5,11568.25
203,2022-11-21 17:53:00,11568.5,11573.0,11567.75,11571.25
204,2022-11-21 17:54:00,11571.25,11572.75,11567.25,11568.75
205,2022-11-21 17:55:00,11568.25,11570.5,11565.0,11567.25
206,2022-11-21 17:56:00,11567.5,11567.75,11559.25,11563.5
207,2022-11-21 17:57:00,11564.5,11564.75,11556.5,11559.0
208,2022-11-21 17:58:00,11559.0,11559.75,11553.0,11555.75
209,2022-11-21 17:59:00,11555.5,11561.0,11555.5,11560.0
210,2022-11-21 18:00:00,11559.75,11564.5,11558.0,11562.25
211,2022-11-21 18:01:00,11562.25,11568.0,11560.5,11563.0
212,2022-11-21 18:02:00,11562.75,11566.75,11557.5,11563.75
213,2022-11-21 18:03:00,11563.75,11567.25,11562.75,11564.5
214,2022-11-21 18:04:00,11564.25,11570.75,11563.5,11565.75
215,2022-11-21 18:05:00,11565.5,11573.0,11561.75,11570.5
216,2022-11-21 18:06:00,11570.25,11575.5,11569.0,11574.75
217,2022-11-21 18:07:00,11574.0,11579.75,11573.75,11578.25
218,2022-11-21 18:08:00,11578.0,11579.75,11574.5,11577.5
219,2022-11-21 18:09:00,11577.5,11581.25,11575.0,11578.0
220,2022-11-21 18:10:00,11578.0,11585.25,11578.0,11581.75
221,2022-11-21 18:11:00,11582.0,11589.25,11581.5,11588.5
222,2022-11-21 18:12:00,11588.0,11598.75,11585.5,11596.75
223,2022-11-21 18:13:00,11596.75,11605.5,11596.25,11604.5
224,2022-11-21 18:14:00,11604.25,11610.5,11601.0,11602.25
225,2022-11-21 18:15:00,11602.0,11608.75,11597.0,11599.5
226,2022-11-21 18:16:00,11599.5,11602.0,11594.25,11598.25
227,2022-11-21 18:17:00,11598.0,11607.5,11597.5,11603.25
228,2022-11-21 18:18:00,11602.75,11604.75,11598.75,11599.5
229,2022-11-21 18:19:00,11599.25,11606.0,11598.5,11601.25
230,2022-11-21 18:20:00,11601.25,11608.5,11601.25,11603.25
231,2022-11-21 18:21:00,11603.25,11608.25,11600.5,11606.5
232,2022-11-21 18:22:00,11606.75,11607.75,11599.25,11602.75
233,2022-11-21 18:23:00,11602.25,11603.25,11597.5,11600.0
234,2022-11-21 18:24:00,11600.0,11607.5,11598.0,11604.75
235,2022-11-21 18:25:00,11605.0,11606.0,11601.25,11602.5
236,2022-11-21 18:26:00,11603.0,11607.0,11601.0,11602.0
237,2022-11-21 18:27:00,11602.25,11608.0,11598.5,11606.5
238,2022-11-21 18:28:00,11606.25,11613.5,11602.75,11605.25
239,2022-11-21 18:29:00,11605.0,11609.0,11602.5,11605.75
240,2022-11-21 18:30:00,11605.5,11612.0,11604.75,11607.5
241,2022-11-21 18:31:00,11608.0,11612.5,11603.5,11605.5
242,2022-11-21 18:32:00,11606.5,11610.25,11600.25,11601.75
243,2022-11-21 18:33:00,11601.75,11604.75,11598.5,11602.75
244,2022-11-21 18:34:00,11602.75,11610.5,11602.0,11610.5
245,2022-11-21 18:35:00,11610.25,11612.0,11606.75,11607.25
246,2022-11-21 18:36:00,11607.25,11624.5,11606.5,11623.0
247,2022-11-21 18:37:00,11623.75,11625.75,11620.25,11623.25
248,2022-11-21 18:38:00,11623.5,11634.5,11621.25,11633.25
249,2022-11-21 18:39:00,11633.25,11634.0,11626.25,11631.75
250,2022-11-21 18:40:00,11631.5,11632.25,11626.0,11628.25
251,2022-11-21 18:41:00,11628.25,11629.0,11618.25,11624.25
252,2022-11-21 18:42:00,11624.0,11627.5,11620.0,11626.25
253,2022-11-21 18:43:00,11626.25,11628.75,11625.0,11626.25
254,2022-11-21 18:44:00,11626.25,11630.0,11625.5,11627.0
255,2022-11-21 18:45:00,11627.25,11628.75,11623.75,11625.0
256,2022-11-21 18:46:00,11624.75,11625.5,11616.25,11618.0
257,2022-11-21 18:47:00,11617.5,11618.75,11613.5,11615.75
258,2022-11-21 18:48:00,11615.5,11619.0,11613.5,11614.5
259,2022-11-21 18:49:00,11614.5,11619.5,11613.75,11614.75
260,2022-11-21 18:50:00,11614.75,11620.75,11613.5,11618.0
261,2022-11-21 18:51:00,11617.75,11617.75,11615.25,11615.75
262,2022-11-21 18:52:00,11615.75,11619.0,11614.25,11617.25
263,2022-11-21 18:53:00,11617.5,11619.25,11610.5,11610.75
264,2022-11-21 18:54:00,11610.5,11613.0,11609.75,11610.5
265,2022-11-21 18:55:00,11610.0,11614.0,11610.0,11610.75
266,2022-11-21 18:56:00,11610.5,11612.25,11604.5,11605.75
267,2022-11-21 18:57:00,11605.75,11607.75,11602.0,11605.0
268,2022-11-21 18:58:00,11604.75,11608.5,11603.25,11606.25
269,2022-11-21 18:59:00,11606.5,11606.75,11600.0,11600.25
270,2022-11-21 19:00:00,11600.0,11607.75,11599.5,11607.5
271,2022-11-21 19:01:00,11607.75,11608.25,11601.5,11605.75
272,2022-11-21 19:02:00,11605.75,11614.25,11605.25,11609.75
273,2022-11-21 19:03:00,11610.0,11613.0,11609.0,11612.0
274,2022-11-21 19:04:00,11612.25,11612.75,11608.25,11611.75
275,2022-11-21 19:05:00,11611.5,11618.25,11610.5,11617.0
276,2022-11-21 19:06:00,11617.0,11621.0,11614.75,11616.0
277,2022-11-21 19:07:00,11615.75,11617.0,11611.5,11613.25
278,2022-11-21 19:08:00,11613.5,11615.75,11611.0,11612.0
279,2022-11-21 19:09:00,11612.25,11613.5,11609.5,11610.75
280,2022-11-21 19:10:00,11610.5,11612.0,11603.25,11604.25
281,2022-11-21 19:11:00,11603.75,11604.0,11597.75,11599.75
282,2022-11-21 19:12:00,11599.75,11602.0,11597.25,11598.5
283,2022-11-21 19:13:00,11598.0,11605.75,11597.75,11604.75
284,2022-11-21 19:14:00,11604.25,11608.0,11602.75,11604.75
285,2022-11-21 19:15:00,11604.25,11611.5,11603.5,11610.75
286,2022-11-21 19:16:00,11610.5,11613.75,11607.0,11609.0
287,2022-11-21 19:17:00,11609.25,11615.75,11607.25,11613.75
288,2022-11-21 19:18:00,11614.0,11614.5,11610.75,11614.0
289,2022-11-21 19:19:00,11613.5,11613.75,11609.25,11611.0
290,2022-11-21 19:20:00,11610.75,11612.0,11601.5,11606.5
291,2022-11-21 19:21:00,11606.25,11606.25,11597.0,11597.25
292,2022-11-21 19:22:00,11597.25,11597.25,11582.0,11586.25
293,2022-11-21 19:23:00,11586.5,11589.0,11584.75,11586.75
294,2022-11-21 19:24:00,11586.75,11588.75,11584.25,11586.25
295,2022-11-21 19:25:00,11586.5,11594.0,11586.25,11592.75
296,2022-11-21 19:26:00,11592.75,11593.25,11588.0,11590.5
297,2022-11-21 19:27:00,11590.25,11594.25,11589.0,11594.0
298,2022-11-21 19:28:00,11594.0,11595.5,11589.25,11594.75
299,2022-11-21 19:29:00,11594.75,11596.75,11587.75,11588.75
300,2022-11-21 19:30:00,11589.0,11595.75,11586.25,11594.25
301,2022-11-21 19:31:00,11594.25,11600.0,11591.75,11595.5
302,2022-11-21 19:32:00,11595.0,11598.0,11591.0,11592.25
303,2022-11-21 19:33:00,11592.0,11593.25,11589.25,11591.25
304,2022-11-21 19:34:00,11591.25,11592.5,11588.0,11589.75
305,2022-11-21 19:35:00,11589.5,11590.75,11582.0,11582.75
306,2022-11-21 19:36:00,11582.75,11586.25,11582.25,11582.5
307,2022-11-21 19:37:00,11582.25,11587.5,11579.5,11582.25
308,2022-11-21 19:38:00,11582.5,11585.0,11580.25,11584.75
309,2022-11-21 19:39:00,11584.25,11591.0,11584.25,11589.5
310,2022-11-21 19:40:00,11589.5,11589.5,11584.0,11584.75
311,2022-11-21 19:41:00,11585.0,11593.0,11585.0,11588.5
312,2022-11-21 19:42:00,11588.25,11589.25,11583.5,11588.75
313,2022-11-21 19:43:00,11588.75,11589.25,11584.25,11588.0
314,2022-11-21 19:44:00,11587.5,11588.5,11581.0,11583.5
315,2022-11-21 19:45:00,11583.5,11585.75,11581.25,11582.0
316,2022-11-21 19:46:00,11581.75,11585.25,11580.0,11582.5
317,2022-11-21 19:47:00,11582.0,11592.25,11581.75,11591.5
318,2022-11-21 19:48:00,11591.5,11593.75,11587.5,11590.75
319,2022-11-21 19:49:00,11590.75,11593.25,11588.25,11590.5
320,2022-11-21 19:50:00,11590.5,11594.0,11588.75,11592.5
321,2022-11-21 19:51:00,11591.5,11595.25,11588.75,11590.0
322,2022-11-21 19:52:00,11590.25,11596.5,11590.0,11596.25
323,2022-11-21 19:53:00,11596.75,11602.25,11593.25,11601.25
324,2022-11-21 19:54:00,11601.25,11605.0,11596.5,11597.75
325,2022-11-21 19:55:00,11597.5,11604.75,11596.5,11599.75
326,2022-11-21 19:56:00,11599.75,11600.5,11589.75,11591.5
327,2022-11-21 19:57:00,11591.25,11598.25,11591.25,11596.0
328,2022-11-21 19:58:00,11596.25,11596.75,11592.5,11595.5
329,2022-11-21 19:59:00,11595.5,11596.0,11588.5,11589.0
330,2022-11-21 20:00:00,11588.75,11596.75,11587.0,11594.75
331,2022-11-21 20:01:00,11594.75,11598.5,11589.0,11594.5
332,2022-11-21 20:02:00,11594.0,11606.75,11592.0,11605.75
333,2022-11-21 20:03:00,11605.5,11609.5,11601.5,11603.75
334,2022-11-21 20:04:00,11604.0,11606.75,11600.75,11605.5
335,2022-11-21 20:05:00,11606.0,11607.0,11600.0,11601.0
336,2022-11-21 20:06:00,11600.75,11601.25,11590.25,11595.5
337,2022-11-21 20:07:00,11594.75,11596.75,11591.0,11596.5
338,2022-11-21 20:08:00,11596.25,11606.0,11594.75,11604.0
339,2022-11-21 20:09:00,11604.0,11605.75,11597.75,11599.0
340,2022-11-21 20:10:00,11599.25,11599.5,11590.25,11593.5
341,2022-11-21 20:11:00,11593.25,11594.25,11589.0,11589.5
342,2022-11-21 20:12:00,11589.5,11593.75,11588.75,11591.25
343,2022-11-21 20:13:00,11590.75,11597.25,11590.25,11595.5
344,2022-11-21 20:14:00,11596.0,11601.0,11594.0,11598.5
345,2022-11-21 20:15:00,11598.5,11606.75,11596.5,11602.75
346,2022-11-21 20:16:00,11602.5,11605.75,11601.75,11604.5
347,2022-11-21 20:17:00,11604.5,11608.75,11602.0,11607.5
348,2022-11-21 20:18:00,11607.25,11608.75,11603.25,11604.25
349,2022-11-21 20:19:00,11605.0,11611.25,11603.5,11607.25
350,2022-11-21 20:20:00,11607.5,11612.5,11606.0,11609.75
351,2022-11-21 20:21:00,11609.0,11609.0,11600.5,11601.0
352,2022-11-21 20:22:00,11600.75,11603.5,11592.75,11595.75
353,2022-11-21 20:23:00,11595.75,11597.5,11592.75,11593.5
354,2022-11-21 20:24:00,11593.5,11594.0,11586.25,11588.0
355,2022-11-21 20:25:00,11588.25,11591.5,11586.5,11588.25
356,2022-11-21 20:26:00,11588.5,11589.0,11577.0,11584.5
357,2022-11-21 20:27:00,11584.25,11587.5,11582.0,11582.75
358,2022-11-21 20:28:00,11582.5,11584.5,11579.75,11583.0
359,2022-11-21 20:29:00,11582.75,11587.0,11582.0,11585.75
360,2022-11-21 20:30:00,11586.0,11598.25,11583.0,11597.5
361,2022-11-21 20:31:00,11597.25,11598.25,11593.5,11597.0
362,2022-11-21 20:32:00,11596.75,11601.0,11593.25,11598.5
363,2022-11-21 20:33:00,11598.5,11599.0,11594.5,11595.5
364,2022-11-21 20:34:00,11595.0,11596.0,11585.0,11585.25
365,2022-11-21 20:35:00,11585.5,11595.0,11585.5,11594.25
366,2022-11-21 20:36:00,11593.75,11595.0,11590.25,11592.75
367,2022-11-21 20:37:00,11592.5,11595.75,11587.75,11589.5
368,2022-11-21 20:38:00,11590.25,11593.75,11586.75,11589.5
369,2022-11-21 20:39:00,11589.25,11589.75,11582.5,11585.5
370,2022-11-21 20:40:00,11586.0,11588.5,11583.0,11586.5
371,2022-11-21 20:41:00,11586.75,11586.75,11581.25,11584.5
372,2022-11-21 20:42:00,11584.75,11586.75,11580.25,11581.5
373,2022-11-21 20:43:00,11581.0,11581.75,11577.5,11578.0
374,2022-11-21 20:44:00,11578.5,11587.25,11578.5,11586.75
375,2022-11-21 20:45:00,11586.5,11593.0,11585.75,11589.25
376,2022-11-21 20:46:00,11589.75,11597.25,11589.0,11591.25
377,2022-11-21 20:47:00,11591.5,11597.5,11587.75,11597.0
378,2022-11-21 20:48:00,11597.25,11600.75,11594.75,11600.25
379,2022-11-21 20:49:00,11600.25,11605.75,11598.25,11604.0
380,2022-11-21 20:50:00,11604.0,11609.5,11593.75,11598.0
381,2022-11-21 20:51:00,11598.0,11607.0,11596.0,11601.5
382,2022-11-21 20:52:00,11601.5,11608.0,11600.5,11605.25
383,2022-11-21 20:53:00,11605.25,11611.75,11602.0,11609.5
384,2022-11-21 20:54:00,11609.5,11611.75,11598.75,11599.5
385,2022-11-21 20:55:00,11599.75,11600.25,11590.75,11594.75
386,2022-11-21 20:56:00,11595.0,11595.25,11585.0,11585.75
387,2022-11-21 20:57:00,11585.75,11589.0,11584.25,11586.5
388,2022-11-21 20:58:00,11586.5,11588.25,11584.25,11587.25
389,2022-11-21 20:59:00,11587.5,11594.25,11584.75,11587.25
390,2022-11-21 21:00:00,11587.0,11593.0,11586.5,11588.5
391,2022-11-21 21:01:00,11588.75,11591.75,11587.5,11590.5
392,2022-11-21 21:02:00,11590.25,11590.75,11587.75,11587.75
393,2022-11-21 21:03:00,11587.5,11588.25,11585.0,11586.75
394,2022-11-21 21:04:00,11586.5,11588.25,11585.0,11587.75
395,2022-11-21 21:05:00,11587.75,11588.75,11586.0,11587.25
396,2022-11-21 21:06:00,11587.25,11591.0,11587.25,11589.75
397,2022-11-21 21:07:00,11590.0,11591.0,11587.5,11588.75
398,2022-11-21 21:08:00,11588.75,11590.75,11587.75,11588.25
399,2022-11-21 21:09:00,11588.5,11591.25,11588.25,11590.75
400,2022-11-21 21:10:00,11591.0,11593.5,11590.25,11593.0
401,2022-11-21 21:11:00,11593.25,11595.25,11591.75,11595.0
402,2022-11-21 21:12:00,11595.0,11596.0,11594.25,11595.25
403,2022-11-21 21:13:00,11595.5,11596.5,11593.5,11596.25
404,2022-11-21 21:14:00,11596.25,11597.0,11591.75,11593.5
405,2022-11-21 21:15:00,11593.25,11594.5,11592.75,11594.0
406,2022-11-21 21:16:00,11594.5,11595.75,11593.75,11595.5
407,2022-11-21 21:17:00,11595.5,11597.25,11594.0,11597.0
408,2022-11-21 21:18:00,11596.75,11598.0,11595.75,11596.75
409,2022-11-21 21:19:00,11596.0,11596.75,11594.75,11596.5
410,2022-11-21 21:20:00,11596.0,11596.0,11593.75,11593.75
411,2022-11-21 21:21:00,11594.0,11594.0,11592.25,11592.75
412,2022-11-21 21:22:00,11591.75,11594.25,11591.25,11593.25
413,2022-11-21 21:23:00,11593.5,11594.0,11592.75,11592.75
414,2022-11-21 21:24:00,11592.75,11593.0,11592.25,11592.5
415,2022-11-21 21:25:00,11592.25,11592.5,11591.0,11591.0
416,2022-11-21 21:26:00,11591.0,11591.0,11588.75,11589.0
417,2022-11-21 21:27:00,11589.25,11590.0,11588.25,11588.5
418,2022-11-21 21:28:00,11588.5,11589.25,11588.0,11588.5
419,2022-11-21 21:29:00,11588.25,11589.25,11588.25,11589.25
420,2022-11-21 21:30:00,11589.0,11590.0,11588.0,11588.75
421,2022-11-21 21:31:00,11589.25,11589.25,11588.5,11589.0
422,2022-11-21 21:32:00,11588.75,11588.75,11588.0,11588.0
423,2022-11-21 21:33:00,11588.5,11588.5,11587.75,11588.0
424,2022-11-21 21:34:00,11588.25,11589.75,11588.25,11589.75
425,2022-11-21 21:35:00,11589.5,11590.0,11588.5,11589.25
426,2022-11-21 21:36:00,11589.5,11591.5,11589.5,11591.25
427,2022-11-21 21:37:00,11591.75,11593.25,11591.5,11592.0
428,2022-11-21 21:38:00,11592.25,11593.25,11592.0,11592.0
429,2022-11-21 21:39:00,11592.5,11594.0,11592.25,11593.25
430,2022-11-21 21:40:00,11593.0,11593.75,11592.75,11593.75
431,2022-11-21 21:41:00,11593.75,11593.75,11593.0,11593.0
432,2022-11-21 21:42:00,11593.5,11596.25,11593.5,11595.75
433,2022-11-21 21:43:00,11596.0,11596.25,11594.5,11594.5
434,2022-11-21 21:44:00,11594.75,11595.5,11594.5,11594.75
435,2022-11-21 21:45:00,11594.75,11598.25,11593.25,11593.5
436,2022-11-21 21:46:00,11594.0,11595.5,11592.25,11593.75
437,2022-11-21 21:47:00,11593.75,11593.75,11591.75,11593.25
438,2022-11-21 21:48:00,11593.5,11594.5,11592.5,11593.0
439,2022-11-21 21:49:00,11593.5,11594.75,11593.25,11593.75
440,2022-11-21 21:50:00,11593.75,11594.75,11592.5,11592.75
441,2022-11-21 21:51:00,11593.0,11593.0,11588.75,11590.5
442,2022-11-21 21:52:00,11589.75,11590.5,11588.75,11589.75
443,2022-11-21 21:53:00,11589.75,11590.5,11588.75,11590.0
444,2022-11-21 21:54:00,11590.0,11590.0,11589.0,11589.25
445,2022-11-21 21:55:00,11589.5,11590.25,11589.0,11589.75
446,2022-11-21 21:56:00,11589.75,11590.75,11589.75,11590.75
447,2022-11-21 21:57:00,11590.25,11590.75,11590.0,11590.75
448,2022-11-21 21:58:00,11591.0,11592.75,11590.75,11590.75
449,2022-11-21 21:59:00,11590.5,11591.5,11588.25,11589.0
450,2022-11-22 14:30:00,11617.25,11628.25,11604.75,11608.0
451,2022-11-22 14:31:00,11608.0,11611.5,11592.25,11604.5
452,2022-11-22 14:32:00,11604.75,11616.0,11598.75,11611.5
453,2022-11-22 14:33:00,11611.75,11615.0,11592.25,11599.5
454,2022-11-22 14:34:00,11599.75,11601.25,11588.0,11593.0
455,2022-11-22 14:35:00,11593.25,11602.25,11588.75,11594.5
456,2022-11-22 14:36:00,11594.5,11597.25,11581.0,11590.5
457,2022-11-22 14:37:00,11590.5,11596.5,11577.25,11580.0
458,2022-11-22 14:38:00,11579.75,11583.25,11570.75,11570.75
459,2022-11-22 14:39:00,11570.5,11576.25,11550.75,11552.0
460,2022-11-22 14:40:00,11551.75,11561.0,11550.75,11558.5
461,2022-11-22 14:41:00,11558.75,11560.75,11532.5,11543.5
462,2022-11-22 14:42:00,11544.0,11545.5,11534.5,11535.25
463,2022-11-22 14:43:00,11535.25,11542.75,11527.25,11537.5
464,2022-11-22 14:44:00,11538.0,11545.5,11532.75,11537.75
465,2022-11-22 14:45:00,11538.0,11543.25,11528.25,11539.0
466,2022-11-22 14:46:00,11539.0,11549.5,11537.5,11547.75
467,2022-11-22 14:47:00,11547.5,11547.5,11538.5,11544.0
468,2022-11-22 14:48:00,11544.25,11552.0,11538.0,11540.25
469,2022-11-22 14:49:00,11539.75,11550.5,11531.25,11543.75
470,2022-11-22 14:50:00,11543.5,11552.0,11540.0,11542.25
471,2022-11-22 14:51:00,11542.5,11548.75,11541.0,11541.5
472,2022-11-22 14:52:00,11541.75,11554.25,11535.75,11538.0
473,2022-11-22 14:53:00,11537.5,11545.25,11532.25,11536.0
474,2022-11-22 14:54:00,11536.0,11544.0,11535.25,11537.75
475,2022-11-22 14:55:00,11538.5,11553.0,11536.25,11552.25
476,2022-11-22 14:56:00,11552.0,11558.75,11546.5,11550.25
477,2022-11-22 14:57:00,11550.25,11554.25,11549.25,11551.75
478,2022-11-22 14:58:00,11552.0,11552.25,11537.5,11542.25
479,2022-11-22 14:59:00,11541.75,11548.25,11538.25,11546.0
480,2022-11-22 15:00:00,11546.5,11563.5,11540.0,11562.25
481,2022-11-22 15:01:00,11562.0,11570.0,11557.25,11568.5
482,2022-11-22 15:02:00,11568.25,11583.0,11567.5,11570.5
483,2022-11-22 15:03:00,11570.25,11573.0,11561.75,11568.0
484,2022-11-22 15:04:00,11567.5,11573.5,11565.25,11570.5
485,2022-11-22 15:05:00,11570.5,11594.5,11568.75,11594.5
486,2022-11-22 15:06:00,11594.0,11595.75,11580.75,11581.5
487,2022-11-22 15:07:00,11581.75,11586.75,11574.5,11578.25
488,2022-11-22 15:08:00,11578.25,11586.0,11577.5,11583.25
489,2022-11-22 15:09:00,11583.0,11587.75,11576.25,11581.25
490,2022-11-22 15:10:00,11582.0,11593.5,11580.0,11592.0
491,2022-11-22 15:11:00,11592.0,11593.75,11582.0,11583.75
492,2022-11-22 15:12:00,11584.25,11606.0,11581.25,11604.25
493,2022-11-22 15:13:00,11604.25,11606.25,11594.75,11600.25
494,2022-11-22 15:14:00,11600.25,11614.75,11596.25,11612.75
495,2022-11-22 15:15:00,11613.0,11619.75,11606.25,11607.75
496,2022-11-22 15:16:00,11608.0,11609.75,11602.5,11608.5
497,2022-11-22 15:17:00,11608.25,11611.5,11602.0,11605.0
498,2022-11-22 15:18:00,11604.75,11608.25,11600.75,11607.75
499,2022-11-22 15:19:00,11608.0,11608.0,11601.75,11605.25
500,2022-11-22 15:20:00,11605.25,11611.0,11603.0,11607.0
501,2022-11-22 15:21:00,11606.75,11610.5,11601.25,11605.5
502,2022-11-22 15:22:00,11605.0,11610.75,11605.0,11609.0
503,2022-11-22 15:23:00,11609.0,11610.25,11602.0,11604.0
504,2022-11-22 15:24:00,11604.25,11608.25,11602.75,11606.0
505,2022-11-22 15:25:00,11606.25,11608.0,11602.75,11603.25
506,2022-11-22 15:26:00,11603.5,11606.5,11592.75,11602.0
507,2022-11-22 15:27:00,11601.75,11605.5,11599.25,11603.75
508,2022-11-22 15:28:00,11604.0,11614.0,11601.75,11610.0
509,2022-11-22 15:29:00,11609.25,11612.5,11603.5,11608.5
510,2022-11-22 15:30:00,11609.0,11613.25,11598.0,11612.0
511,2022-11-22 15:31:00,11612.5,11625.25,11603.75,11603.75
512,2022-11-22 15:32:00,11604.25,11608.25,11590.25,11597.5
513,2022-11-22 15:33:00,11597.0,11601.75,11592.75,11598.25
514,2022-11-22 15:34:00,11599.0,11605.25,11596.0,11602.25
515,2022-11-22 15:35:00,11603.0,11612.25,11600.0,11606.75
516,2022-11-22 15:36:00,11607.0,11607.25,11600.0,11603.75
517,2022-11-22 15:37:00,11604.25,11609.5,11603.0,11605.0
518,2022-11-22 15:38:00,11604.75,11605.0,11591.5,11595.0
519,2022-11-22 15:39:00,11595.25,11599.75,11586.0,11588.75
520,2022-11-22 15:40:00,11589.25,11595.75,11580.5,11583.0
521,2022-11-22 15:41:00,11583.0,11594.75,11581.0,11594.5
522,2022-11-22 15:42:00,11594.25,11598.5,11592.5,11594.5
523,2022-11-22 15:43:00,11594.75,11612.75,11593.25,11610.5
524,2022-11-22 15:44:00,11610.5,11612.0,11604.0,11607.5
525,2022-11-22 15:45:00,11607.5,11614.75,11604.25,11609.5
526,2022-11-22 15:46:00,11609.0,11613.5,11602.5,11612.75
527,2022-11-22 15:47:00,11612.5,11630.0,11610.25,11626.75
528,2022-11-22 15:48:00,11627.0,11635.5,11627.0,11635.5
529,2022-11-22 15:49:00,11635.25,11647.0,11634.5,11642.0
530,2022-11-22 15:50:00,11642.0,11652.0,11642.0,11646.25
531,2022-11-22 15:51:00,11646.25,11649.5,11639.0,11642.75
532,2022-11-22 15:52:00,11642.25,11645.5,11639.5,11643.5
533,2022-11-22 15:53:00,11643.5,11647.5,11638.5,11640.75
534,2022-11-22 15:54:00,11641.25,11645.75,11639.75,11641.75
535,2022-11-22 15:55:00,11641.75,11650.75,11640.75,11649.5
536,2022-11-22 15:56:00,11649.75,11654.5,11634.75,11636.5
537,2022-11-22 15:57:00,11636.75,11643.25,11635.0,11642.25
538,2022-11-22 15:58:00,11642.0,11653.25,11637.75,11652.75
539,2022-11-22 15:59:00,11652.5,11654.0,11649.5,11651.0
540,2022-11-22 16:00:00,11651.25,11654.25,11646.0,11649.5
541,2022-11-22 16:01:00,11649.25,11649.75,11640.25,11643.5
542,2022-11-22 16:02:00,11643.25,11643.25,11636.25,11640.0
543,2022-11-22 16:03:00,11640.0,11644.5,11636.75,11638.75
544,2022-11-22 16:04:00,11638.5,11639.75,11633.5,11635.75
545,2022-11-22 16:05:00,11635.75,11638.5,11630.5,11631.5
546,2022-11-22 16:06:00,11631.5,11639.5,11629.0,11639.5
547,2022-11-22 16:07:00,11639.5,11639.75,11631.5,11638.0
548,2022-11-22 16:08:00,11638.25,11641.75,11635.75,11640.0
549,2022-11-22 16:09:00,11639.75,11649.25,11639.75,11645.25
550,2022-11-22 16:10:00,11645.5,11656.25,11645.5,11649.25
551,2022-11-22 16:11:00,11649.75,11652.0,11640.25,11641.75
552,2022-11-22 16:12:00,11642.0,11648.0,11639.0,11645.5
553,2022-11-22 16:13:00,11645.25,11646.75,11641.5,11645.25
554,2022-11-22 16:14:00,11645.25,11645.5,11635.75,11639.25
555,2022-11-22 16:15:00,11638.75,11643.0,11630.0,11630.75
556,2022-11-22 16:16:00,11631.0,11633.25,11621.75,11631.75
557,2022-11-22 16:17:00,11631.5,11638.25,11627.75,11638.0
558,2022-11-22 16:18:00,11637.75,11644.0,11636.25,11643.25
559,2022-11-22 16:19:00,11643.75,11645.25,11637.75,11644.25
560,2022-11-22 16:20:00,11644.0,11646.0,11635.25,11645.5
561,2022-11-22 16:21:00,11645.0,11650.0,11644.0,11646.0
562,2022-11-22 16:22:00,11646.5,11650.75,11640.75,11643.75
563,2022-11-22 16:23:00,11643.5,11645.25,11639.25,11642.5
564,2022-11-22 16:24:00,11642.5,11645.5,11638.75,11643.25
565,2022-11-22 16:25:00,11643.0,11653.0,11642.5,11652.5
566,2022-11-22 16:26:00,11652.25,11652.75,11641.5,11643.5
567,2022-11-22 16:27:00,11643.25,11645.5,11636.5,11640.5
568,2022-11-22 16:28:00,11640.5,11643.5,11634.25,11642.0
569,2022-11-22 16:29:00,11642.25,11647.5,11639.75,11642.0
570,2022-11-22 16:30:00,11642.5,11643.25,11637.0,11641.25
571,2022-11-22 16:31:00,11641.25,11642.0,11636.25,11637.25
572,2022-11-22 16:32:00,11637.25,11637.5,11627.0,11629.5
573,2022-11-22 16:33:00,11630.0,11632.25,11625.5,11626.75
574,2022-11-22 16:34:00,11626.5,11632.5,11618.75,11631.5
575,2022-11-22 16:35:00,11631.0,11633.25,11621.25,11621.75
576,2022-11-22 16:36:00,11621.0,11628.5,11616.0,11622.75
577,2022-11-22 16:37:00,11622.5,11626.25,11620.0,11622.0
578,2022-11-22 16:38:00,11623.25,11631.75,11620.75,11631.75
579,2022-11-22 16:39:00,11632.0,11633.25,11629.75,11631.5
580,2022-11-22 16:40:00,11631.25,11635.5,11630.0,11635.0
581,2022-11-22 16:41:00,11634.5,11642.5,11632.25,11640.25
582,2022-11-22 16:42:00,11640.25,11641.25,11627.25,11630.5
583,2022-11-22 16:43:00,11630.25,11634.75,11627.5,11634.5
584,2022-11-22 16:44:00,11634.5,11636.5,11626.75,11628.75
585,2022-11-22 16:45:00,11628.75,11631.25,11625.0,11626.5
586,2022-11-22 16:46:00,11626.75,11629.5,11623.0,11626.25
587,2022-11-22 16:47:00,11626.0,11630.5,11624.0,11629.0
588,2022-11-22 16:48:00,11628.75,11630.0,11623.0,11626.25
589,2022-11-22 16:49:00,11626.5,11634.25,11626.5,11632.25
590,2022-11-22 16:50:00,11632.25,11636.25,11629.5,11631.0
591,2022-11-22 16:51:00,11630.75,11634.75,11629.5,11630.25
592,2022-11-22 16:52:00,11630.5,11632.75,11622.0,11627.5
593,2022-11-22 16:53:00,11627.25,11638.0,11626.25,11636.75
594,2022-11-22 16:54:00,11636.5,11639.0,11632.75,11637.25
595,2022-11-22 16:55:00,11636.75,11638.0,11633.25,11635.5
596,2022-11-22 16:56:00,11635.75,11647.75,11633.5,11647.75
597,2022-11-22 16:57:00,11647.5,11647.75,11641.75,11645.0
598,2022-11-22 16:58:00,11644.75,11646.25,11640.75,11643.75
599,2022-11-22 16:59:00,11644.0,11644.25,11639.75,11643.25
600,2022-11-22 17:00:00,11643.75,11647.75,11641.75,11645.25
601,2022-11-22 17:01:00,11645.25,11652.0,11644.75,11650.25
602,2022-11-22 17:02:00,11650.5,11653.75,11648.75,11649.75
603,2022-11-22 17:03:00,11649.75,11651.0,11644.25,11649.75
604,2022-11-22 17:04:00,11650.0,11661.5,11649.0,11652.75
605,2022-11-22 17:05:00,11653.25,11657.25,11649.0,11651.25
606,2022-11-22 17:06:00,11651.0,11653.5,11644.0,11648.25
607,2022-11-22 17:07:00,11647.5,11649.75,11642.25,11642.5
608,2022-11-22 17:08:00,11642.0,11647.25,11642.0,11645.75
609,2022-11-22 17:09:00,11646.25,11654.25,11646.25,11652.0
610,2022-11-22 17:10:00,11651.25,11658.25,11650.75,11655.25
611,2022-11-22 17:11:00,11655.5,11658.0,11653.75,11657.75
612,2022-11-22 17:12:00,11657.0,11658.5,11653.5,11658.0
613,2022-11-22 17:13:00,11657.75,11663.0,11653.75,11659.0
614,2022-11-22 17:14:00,11658.5,11663.5,11655.25,11656.0
615,2022-11-22 17:15:00,11656.25,11661.75,11656.25,11661.25
616,2022-11-22 17:16:00,11661.75,11663.25,11658.75,11661.75
617,2022-11-22 17:17:00,11661.75,11668.5,11661.5,11665.75
618,2022-11-22 17:18:00,11666.0,11667.0,11663.25,11664.25
619,2022-11-22 17:19:00,11664.25,11664.75,11661.25,11663.0
620,2022-11-22 17:20:00,11663.25,11664.5,11657.25,11658.25
621,2022-11-22 17:21:00,11658.25,11661.25,11656.0,11657.5
622,2022-11-22 17:22:00,11657.5,11659.5,11656.75,11657.75
623,2022-11-22 17:23:00,11657.25,11661.25,11655.25,11659.75
624,2022-11-22 17:24:00,11659.75,11659.75,11646.5,11652.0
625,2022-11-22 17:25:00,11652.0,11654.75,11648.75,11651.5
626,2022-11-22 17:26:00,11652.25,11653.25,11649.25,11649.75
627,2022-11-22 17:27:00,11649.5,11650.0,11645.25,11648.25
628,2022-11-22 17:28:00,11648.75,11653.25,11648.5,11652.25
629,2022-11-22 17:29:00,11652.5,11654.25,11651.25,11652.25
630,2022-11-22 17:30:00,11652.5,11654.5,11646.5,11650.0
631,2022-11-22 17:31:00,11650.25,11658.5,11650.25,11658.0
632,2022-11-22 17:32:00,11657.75,11658.25,11654.75,11657.0
633,2022-11-22 17:33:00,11656.75,11658.0,11652.75,11653.75
634,2022-11-22 17:34:00,11654.0,11655.5,11653.0,11654.25
635,2022-11-22 17:35:00,11654.5,11656.75,11653.0,11656.0
636,2022-11-22 17:36:00,11656.25,11660.25,11654.75,11659.25
637,2022-11-22 17:37:00,11659.5,11659.5,11653.5,11656.75
638,2022-11-22 17:38:00,11657.75,11658.5,11655.25,11657.25
639,2022-11-22 17:39:00,11657.5,11659.75,11656.0,11658.25
640,2022-11-22 17:40:00,11658.5,11661.0,11651.0,11653.75
641,2022-11-22 17:41:00,11653.75,11654.75,11647.0,11647.5
642,2022-11-22 17:42:00,11647.5,11652.0,11645.75,11651.5
643,2022-11-22 17:43:00,11651.25,11654.5,11649.5,11652.25
644,2022-11-22 17:44:00,11652.25,11660.75,11650.5,11660.75
645,2022-11-22 17:45:00,11661.0,11663.75,11657.5,11662.0
646,2022-11-22 17:46:00,11662.25,11663.0,11658.25,11659.25
647,2022-11-22 17:47:00,11659.5,11660.5,11656.0,11658.0
648,2022-11-22 17:48:00,11658.0,11660.0,11656.5,11657.75
649,2022-11-22 17:49:00,11658.0,11660.0,11656.25,11656.25
650,2022-11-22 17:50:00,11656.5,11658.75,11654.25,11655.25
651,2022-11-22 17:51:00,11655.0,11656.5,11649.75,11650.0
652,2022-11-22 17:52:00,11650.0,11653.5,11647.5,11647.75
653,2022-11-22 17:53:00,11647.5,11653.5,11646.75,11652.25
654,2022-11-22 17:54:00,11652.5,11653.0,11647.0,11651.5
655,2022-11-22 17:55:00,11651.75,11652.5,11649.0,11649.0
656,2022-11-22 17:56:00,11649.0,11652.5,11648.75,11651.5
657,2022-11-22 17:57:00,11651.25,11656.75,11649.5,11656.0
658,2022-11-22 17:58:00,11656.0,11656.25,11650.25,11650.75
659,2022-11-22 17:59:00,11650.5,11654.75,11650.5,11653.75
660,2022-11-22 18:00:00,11654.0,11656.0,11652.0,11653.75
661,2022-11-22 18:01:00,11653.75,11658.5,11652.25,11656.75
662,2022-11-22 18:02:00,11656.75,11657.75,11644.25,11649.0
663,2022-11-22 18:03:00,11649.5,11655.75,11649.5,11655.5
664,2022-11-22 18:04:00,11655.5,11664.75,11655.5,11657.25
665,2022-11-22 18:05:00,11657.75,11657.75,11650.25,11653.5
666,2022-11-22 18:06:00,11654.25,11661.75,11652.25,11661.5
667,2022-11-22 18:07:00,11661.75,11675.75,11661.5,11673.0
668,2022-11-22 18:08:00,11672.75,11679.25,11672.5,11675.75
669,2022-11-22 18:09:00,11675.5,11680.75,11674.75,11678.5
670,2022-11-22 18:10:00,11678.75,11685.0,11677.0,11680.0
671,2022-11-22 18:11:00,11679.75,11685.0,11679.5,11683.5
672,2022-11-22 18:12:00,11684.25,11688.5,11684.0,11687.5
673,2022-11-22 18:13:00,11687.5,11688.5,11682.5,11684.5
674,2022-11-22 18:14:00,11685.0,11689.0,11683.25,11688.0
675,2022-11-22 18:15:00,11688.0,11690.75,11686.25,11690.75
676,2022-11-22 18:16:00,11690.5,11691.5,11684.5,11684.5
677,2022-11-22 18:17:00,11684.25,11687.75,11683.75,11686.5
678,2022-11-22 18:18:00,11686.5,11691.5,11684.75,11689.75
679,2022-11-22 18:19:00,11689.75,11692.0,11688.75,11690.5
680,2022-11-22 18:20:00,11690.25,11690.5,11686.0,11686.0
681,2022-11-22 18:21:00,11685.5,11686.5,11682.25,11682.75
682,2022-11-22 18:22:00,11683.0,11688.5,11682.25,11687.75
683,2022-11-22 18:23:00,11688.0,11692.25,11687.75,11688.5
684,2022-11-22 18:24:00,11689.0,11689.75,11686.0,11688.5
685,2022-11-22 18:25:00,11688.25,11689.5,11686.0,11686.25
686,2022-11-22 18:26:00,11686.0,11689.5,11685.5,11687.0
687,2022-11-22 18:27:00,11687.25,11689.75,11687.0,11689.75
688,2022-11-22 18:28:00,11689.75,11691.0,11687.5,11689.0
689,2022-11-22 18:29:00,11689.25,11693.0,11688.0,11688.5
690,2022-11-22 18:30:00,11689.0,11693.0,11688.75,11691.75
691,2022-11-22 18:31:00,11691.75,11694.0,11691.0,11692.25
692,2022-11-22 18:32:00,11692.5,11694.75,11691.0,11692.75
693,2022-11-22 18:33:00,11692.5,11694.75,11690.75,11694.75
694,2022-11-22 18:34:00,11694.75,11697.5,11691.75,11693.25
695,2022-11-22 18:35:00,11693.5,11694.0,11688.5,11689.0
696,2022-11-22 18:36:00,11689.25,11690.5,11684.25,11688.0
697,2022-11-22 18:37:00,11688.5,11690.0,11684.75,11688.75
698,2022-11-22 18:38:00,11688.75,11691.0,11687.25,11688.75
699,2022-11-22 18:39:00,11689.0,11690.0,11684.75,11690.0
700,2022-11-22 18:40:00,11690.0,11691.25,11685.75,11685.75
701,2022-11-22 18:41:00,11686.0,11690.0,11685.25,11689.25
702,2022-11-22 18:42:00,11689.5,11692.0,11688.75,11689.25
703,2022-11-22 18:43:00,11689.5,11692.5,11688.0,11691.75
704,2022-11-22 18:44:00,11691.75,11693.25,11688.5,11689.5
705,2022-11-22 18:45:00,11689.5,11692.5,11689.25,11691.75
706,2022-11-22 18:46:00,11691.25,11693.25,11689.5,11691.75
707,2022-11-22 18:47:00,11691.75,11696.25,11690.75,11695.5
708,2022-11-22 18:48:00,11695.5,11697.0,11694.25,11696.25
709,2022-11-22 18:49:00,11696.5,11696.5,11691.5,11695.0
710,2022-11-22 18:50:00,11694.75,11696.0,11693.5,11695.0
711,2022-11-22 18:51:00,11695.0,11698.75,11694.25,11698.25
712,2022-11-22 18:52:00,11698.5,11699.25,11696.25,11698.0
713,2022-11-22 18:53:00,11697.75,11700.0,11697.25,11698.25
714,2022-11-22 18:54:00,11698.5,11700.0,11697.0,11698.0
715,2022-11-22 18:55:00,11698.5,11699.5,11695.75,11697.75
716,2022-11-22 18:56:00,11697.75,11699.25,11695.25,11699.25
717,2022-11-22 18:57:00,11699.5,11700.0,11697.0,11698.25
718,2022-11-22 18:58:00,11698.5,11700.0,11697.75,11698.75
719,2022-11-22 18:59:00,11698.75,11699.25,11696.75,11698.25
720,2022-11-22 19:00:00,11698.5,11700.0,11697.75,11699.5
721,2022-11-22 19:01:00,11699.5,11700.0,11697.25,11699.0
722,2022-11-22 19:02:00,11698.75,11707.25,11687.25,11690.25
723,2022-11-22 19:03:00,11690.0,11695.0,11690.0,11693.5
724,2022-11-22 19:04:00,11693.25,11698.75,11690.75,11697.25
725,2022-11-22 19:05:00,11697.0,11698.0,11693.0,11693.25
726,2022-11-22 19:06:00,11693.5,11694.25,11686.25,11689.5
727,2022-11-22 19:07:00,11689.75,11691.0,11685.25,11686.25
728,2022-11-22 19:08:00,11686.5,11686.75,11679.5,11682.5
729,2022-11-22 19:09:00,11682.5,11684.25,11680.0,11680.75
730,2022-11-22 19:10:00,11680.75,11686.5,11680.75,11686.0
731,2022-11-22 19:11:00,11686.0,11687.25,11682.5,11682.75
732,2022-11-22 19:12:00,11683.0,11685.0,11678.5,11678.5
733,2022-11-22 19:13:00,11679.0,11681.0,11675.25,11677.75
734,2022-11-22 19:14:00,11677.75,11678.0,11674.25,11676.5
735,2022-11-22 19:15:00,11676.25,11678.75,11674.5,11676.25
736,2022-11-22 19:16:00,11676.75,11679.25,11675.5,11678.0
737,2022-11-22 19:17:00,11678.5,11681.25,11676.75,11680.75
738,2022-11-22 19:18:00,11680.75,11681.25,11677.25,11679.25
739,2022-11-22 19:19:00,11679.5,11683.0,11678.0,11678.5
740,2022-11-22 19:20:00,11678.0,11683.0,11677.0,11682.25
741,2022-11-22 19:21:00,11682.0,11686.0,11682.0,11683.5
742,2022-11-22 19:22:00,11683.25,11683.5,11679.75,11682.25
743,2022-11-22 19:23:00,11682.25,11684.5,11680.25,11682.0
744,2022-11-22 19:24:00,11681.75,11685.25,11681.5,11684.5
745,2022-11-22 19:25:00,11684.75,11686.5,11682.75,11683.25
746,2022-11-22 19:26:00,11683.0,11685.25,11680.75,11684.25
747,2022-11-22 19:27:00,11683.75,11686.75,11682.5,11685.25
748,2022-11-22 19:28:00,11685.25,11688.0,11683.75,11687.25
749,2022-11-22 19:29:00,11687.0,11689.75,11685.25,11685.75
750,2022-11-22 19:30:00,11685.75,11686.75,11678.5,11678.75
751,2022-11-22 19:31:00,11679.5,11682.25,11679.25,11680.5
752,2022-11-22 19:32:00,11680.25,11683.25,11678.75,11680.5
753,2022-11-22 19:33:00,11680.0,11685.75,11679.5,11680.75
754,2022-11-22 19:34:00,11680.75,11683.25,11679.75,11682.0
755,2022-11-22 19:35:00,11681.75,11686.5,11681.75,11686.0
756,2022-11-22 19:36:00,11685.5,11693.75,11684.75,11693.5
757,2022-11-22 19:37:00,11693.5,11703.25,11692.75,11698.75
758,2022-11-22 19:38:00,11698.75,11701.25,11695.5,11699.75
759,2022-11-22 19:39:00,11699.25,11702.5,11697.25,11700.5
760,2022-11-22 19:40:00,11700.75,11702.25,11698.0,11698.25
761,2022-11-22 19:41:00,11698.5,11699.0,11695.75,11696.5
762,2022-11-22 19:42:00,11696.5,11697.0,11684.0,11686.25
763,2022-11-22 19:43:00,11686.0,11688.5,11682.75,11686.5
764,2022-11-22 19:44:00,11686.5,11687.25,11680.0,11681.75
765,2022-11-22 19:45:00,11681.75,11685.75,11681.25,11684.5
766,2022-11-22 19:46:00,11685.25,11690.0,11684.0,11689.25
767,2022-11-22 19:47:00,11689.75,11689.75,11684.75,11686.0
768,2022-11-22 19:48:00,11686.5,11688.75,11685.25,11686.75
769,2022-11-22 19:49:00,11686.75,11693.75,11686.75,11693.5
770,2022-11-22 19:50:00,11693.5,11695.0,11691.0,11692.5
771,2022-11-22 19:51:00,11692.0,11694.5,11691.5,11694.5
772,2022-11-22 19:52:00,11694.25,11699.75,11694.25,11696.25
773,2022-11-22 19:53:00,11696.75,11701.0,11696.0,11700.25
774,2022-11-22 19:54:00,11700.0,11704.0,11697.5,11701.0
775,2022-11-22 19:55:00,11701.25,11704.0,11697.0,11697.5
776,2022-11-22 19:56:00,11697.25,11702.75,11697.25,11700.75
777,2022-11-22 19:57:00,11700.75,11703.25,11695.5,11702.5
778,2022-11-22 19:58:00,11702.75,11703.5,11698.5,11702.25
779,2022-11-22 19:59:00,11702.25,11703.5,11698.5,11699.5
780,2022-11-22 20:00:00,11699.25,11703.25,11696.75,11702.5
781,2022-11-22 20:01:00,11702.75,11709.25,11702.5,11706.5
782,2022-11-22 20:02:00,11706.5,11709.5,11706.25,11709.0
783,2022-11-22 20:03:00,11708.75,11715.0,11708.25,11713.25
784,2022-11-22 20:04:00,11713.25,11719.0,11713.0,11717.75
785,2022-11-22 20:05:00,11717.5,11719.5,11715.25,11717.0
786,2022-11-22 20:06:00,11716.75,11718.75,11715.25,11715.5
787,2022-11-22 20:07:00,11716.0,11719.0,11712.5,11717.75
788,2022-11-22 20:08:00,11717.75,11719.5,11715.0,11715.75
789,2022-11-22 20:09:00,11715.5,11718.0,11713.25,11716.75
790,2022-11-22 20:10:00,11716.5,11717.25,11714.0,11716.5
791,2022-11-22 20:11:00,11716.25,11717.25,11709.0,11709.0
792,2022-11-22 20:12:00,11709.5,11716.75,11709.25,11716.5
793,2022-11-22 20:13:00,11717.0,11721.0,11715.5,11720.25
794,2022-11-22 20:14:00,11721.0,11721.75,11717.5,11720.25
795,2022-11-22 20:15:00,11720.5,11723.75,11717.25,11718.5
796,2022-11-22 20:16:00,11718.5,11721.0,11715.5,11720.0
797,2022-11-22 20:17:00,11719.75,11721.0,11714.0,11716.5
798,2022-11-22 20:18:00,11716.5,11717.5,11713.75,11716.5
799,2022-11-22 20:19:00,11716.75,11717.25,11713.25,11714.75
800,2022-11-22 20:20:00,11714.75,11719.5,11714.5,11719.0
801,2022-11-22 20:21:00,11719.25,11723.5,11717.25,11723.5
802,2022-11-22 20:22:00,11723.25,11724.5,11720.25,11722.5
803,2022-11-22 20:23:00,11722.75,11725.5,11721.25,11724.75
804,2022-11-22 20:24:00,11724.75,11728.25,11724.25,11728.0
805,2022-11-22 20:25:00,11728.0,11729.75,11725.75,11726.75
806,2022-11-22 20:26:00,11726.25,11729.5,11725.5,11727.25
807,2022-11-22 20:27:00,11727.25,11728.0,11722.5,11722.5
808,2022-11-22 20:28:00,11723.0,11730.5,11723.0,11728.25
809,2022-11-22 20:29:00,11728.5,11731.0,11726.5,11728.0
810,2022-11-22 20:30:00,11727.75,11730.75,11725.25,11728.0
811,2022-11-22 20:31:00,11727.75,11731.0,11726.75,11729.5
812,2022-11-22 20:32:00,11730.0,11732.75,11729.0,11730.5
813,2022-11-22 20:33:00,11730.25,11734.25,11728.75,11733.5
814,2022-11-22 20:34:00,11733.25,11738.25,11731.75,11737.25
815,2022-11-22 20:35:00,11737.5,11738.0,11734.0,11737.75
816,2022-11-22 20:36:00,11738.0,11740.75,11737.0,11739.5
817,2022-11-22 20:37:00,11739.75,11740.75,11736.5,11738.75
818,2022-11-22 20:38:00,11738.5,11738.75,11734.25,11735.25
819,2022-11-22 20:39:00,11735.25,11740.0,11733.5,11738.75
820,2022-11-22 20:40:00,11738.25,11739.0,11735.5,11738.75
821,2022-11-22 20:41:00,11738.25,11738.75,11735.25,11736.25
822,2022-11-22 20:42:00,11736.25,11737.75,11733.0,11735.25
823,2022-11-22 20:43:00,11735.0,11736.5,11733.5,11735.5
824,2022-11-22 20:44:00,11735.75,11738.5,11734.25,11734.25
825,2022-11-22 20:45:00,11734.0,11740.0,11733.0,11738.75
826,2022-11-22 20:46:00,11738.5,11741.5,11736.25,11740.5
827,2022-11-22 20:47:00,11740.25,11741.5,11738.25,11738.75
828,2022-11-22 20:48:00,11738.75,11740.25,11735.5,11737.0
829,2022-11-22 20:49:00,11737.0,11741.0,11736.75,11739.75
830,2022-11-22 20:50:00,11739.25,11749.5,11731.0,11739.25
831,2022-11-22 20:51:00,11739.0,11740.5,11730.25,11740.5
832,2022-11-22 20:52:00,11740.0,11744.5,11737.25,11742.75
833,2022-11-22 20:53:00,11742.75,11746.75,11740.0,11746.25
834,2022-11-22 20:54:00,11746.25,11749.0,11742.75,11744.25
835,2022-11-22 20:55:00,11744.25,11745.5,11736.5,11745.25
836,2022-11-22 20:56:00,11745.0,11750.5,11744.0,11749.75
837,2022-11-22 20:57:00,11749.5,11756.0,11749.0,11756.0
838,2022-11-22 20:58:00,11755.75,11757.5,11749.75,11752.5
839,2022-11-22 20:59:00,11752.75,11759.25,11749.5,11751.5
840,2022-11-22 21:00:00,11751.75,11753.0,11743.5,11747.0
841,2022-11-22 21:01:00,11747.0,11748.0,11744.0,11746.0
842,2022-11-22 21:02:00,11746.0,11751.0,11745.75,11750.5
843,2022-11-22 21:03:00,11750.5,11754.5,11746.5,11747.75
844,2022-11-22 21:04:00,11747.5,11749.5,11747.0,11747.5
845,2022-11-22 21:05:00,11747.5,11748.0,11744.75,11744.75
846,2022-11-22 21:06:00,11745.0,11747.5,11743.75,11746.0
847,2022-11-22 21:07:00,11746.25,11746.5,11742.25,11743.25
848,2022-11-22 21:08:00,11743.0,11743.5,11741.75,11742.5
849,2022-11-22 21:09:00,11742.5,11743.75,11740.5,11742.0
850,2022-11-22 21:10:00,11741.75,11742.0,11739.25,11739.75
851,2022-11-22 21:11:00,11739.75,11740.75,11738.75,11739.5
852,2022-11-22 21:12:00,11739.25,11740.5,11738.25,11740.25
853,2022-11-22 21:13:00,11740.0,11742.0,11739.5,11741.5
854,2022-11-22 21:14:00,11741.25,11745.75,11740.75,11744.75
855,2022-11-22 21:15:00,11744.5,11746.25,11743.0,11745.5
856,2022-11-22 21:16:00,11745.75,11745.75,11742.5,11743.5
857,2022-11-22 21:17:00,11743.5,11743.5,11741.0,11741.25
858,2022-11-22 21:18:00,11741.25,11742.0,11740.75,11741.5
859,2022-11-22 21:19:00,11741.25,11742.5,11741.0,11742.0
860,2022-11-22 21:20:00,11742.5,11742.5,11741.5,11741.75
861,2022-11-22 21:21:00,11741.75,11741.75,11741.0,11741.25
862,2022-11-22 21:22:00,11741.25,11742.75,11739.75,11741.5
863,2022-11-22 21:23:00,11742.0,11742.75,11741.75,11742.25
864,2022-11-22 21:24:00,11741.75,11742.0,11738.75,11739.0
865,2022-11-22 21:25:00,11739.0,11739.75,11737.25,11737.75
866,2022-11-22 21:26:00,11737.75,11739.0,11737.25,11739.0
867,2022-11-22 21:27:00,11738.75,11740.0,11738.5,11739.75
868,2022-11-22 21:28:00,11739.25,11742.0,11739.0,11740.0
869,2022-11-22 21:29:00,11740.5,11741.75,11739.75,11741.0
870,2022-11-22 21:30:00,11741.0,11741.5,11739.25,11739.5
871,2022-11-22 21:31:00,11739.75,11739.75,11739.0,11739.75
872,2022-11-22 21:32:00,11739.75,11739.75,11737.75,11738.0
873,2022-11-22 21:33:00,11737.75,11739.5,11737.75,11739.5
874,2022-11-22 21:34:00,11739.25,11739.5,11739.0,11739.0
875,2022-11-22 21:35:00,11739.5,11740.5,11739.25,11739.25
876,2022-11-22 21:36:00,11739.5,11739.75,11739.5,11739.75
877,2022-11-22 21:37:00,11740.25,11740.75,11738.75,11738.75
878,2022-11-22 21:38:00,11738.75,11739.25,11738.5,11739.25
879,2022-11-22 21:39:00,11739.0,11739.5,11738.25,11738.75
880,2022-11-22 21:40:00,11738.5,11738.5,11737.5,11737.75
881,2022-11-22 21:41:00,11737.5,11738.75,11737.25,11737.75
882,2022-11-22 21:42:00,11737.5,11737.5,11736.75,11736.75
883,2022-11-22 21:43:00,11736.5,11737.0,11736.0,11737.0
884,2022-11-22 21:44:00,11736.75,11737.5,11735.5,11737.25
885,2022-11-22 21:45:00,11737.0,11737.0,11733.5,11735.75
886,2022-11-22 21:46:00,11735.75,11737.0,11735.5,11736.75
887,2022-11-22 21:47:00,11736.75,11738.25,11736.25,11738.25
888,2022-11-22 21:48:00,11738.0,11739.25,11737.25,11739.25
889,2022-11-22 21:49:00,11738.5,11739.0,11737.5,11739.0
890,2022-11-22 21:50:00,11739.0,11740.5,11738.75,11740.25
891,2022-11-22 21:51:00,11740.0,11741.0,11739.75,11740.5
892,2022-11-22 21:52:00,11740.25,11740.25,11739.5,11740.0
893,2022-11-22 21:53:00,11739.5,11740.0,11738.25,11739.5
894,2022-11-22 21:54:00,11739.25,11739.5,11737.5,11738.0
895,2022-11-22 21:55:00,11738.0,11738.75,11737.25,11738.25
896,2022-11-22 21:56:00,11738.0,11739.25,11737.5,11739.25
897,2022-11-22 21:57:00,11739.0,11739.25,11737.5,11738.0
898,2022-11-22 21:58:00,11738.25,11739.0,11737.75,11738.75
899,2022-11-22 21:59:00,11738.5,11740.5,11738.25,11739.25
900,2022-11-23 14:30:00,11749.5,11759.25,11745.25,11754.25
901,2022-11-23 14:31:00,11753.75,11772.5,11748.75,11763.25
902,2022-11-23 14:32:00,11763.0,11769.25,11757.5,11765.25
903,2022-11-23 14:33:00,11765.0,11770.0,11755.5,11767.5
904,2022-11-23 14:34:00,11768.0,11776.25,11763.0,11768.5
905,2022-11-23 14:35:00,11769.0,11781.75,11768.25,11780.5
906,2022-11-23 14:36:00,11780.5,11781.25,11773.25,11779.75
907,2022-11-23 14:37:00,11779.5,11792.5,11778.0,11785.5
908,2022-11-23 14:38:00,11786.25,11798.25,11783.0,11792.5
909,2022-11-23 14:39:00,11792.5,11802.25,11791.75,11799.5
910,2022-11-23 14:40:00,11800.0,11800.25,11791.75,11793.0
911,2022-11-23 14:41:00,11792.75,11802.0,11784.5,11789.25
912,2022-11-23 14:42:00,11789.25,11796.25,11782.0,11784.25
913,2022-11-23 14:43:00,11783.75,11790.25,11781.25,11785.0
914,2022-11-23 14:44:00,11785.75,11791.0,11783.0,11789.25
915,2022-11-23 14:45:00,11789.25,11836.25,11781.5,11802.25
916,2022-11-23 14:46:00,11802.0,11810.75,11788.75,11809.5
917,2022-11-23 14:47:00,11809.5,11818.75,11803.25,11817.5
918,2022-11-23 14:48:00,11817.5,11835.5,11817.5,11827.5
919,2022-11-23 14:49:00,11827.5,11829.25,11819.0,11820.0
920,2022-11-23 14:50:00,11820.0,11835.75,11819.25,11832.25
921,2022-11-23 14:51:00,11832.0,11842.5,11830.75,11837.0
922,2022-11-23 14:52:00,11837.5,11842.25,11834.5,11836.25
923,2022-11-23 14:53:00,11836.0,11847.0,11834.75,11846.0
924,2022-11-23 14:54:00,11846.5,11852.0,11841.75,11844.25
925,2022-11-23 14:55:00,11844.0,11846.25,11833.5,11835.75
926,2022-11-23 14:56:00,11835.75,11842.25,11833.25,11838.0
927,2022-11-23 14:57:00,11837.75,11840.5,11828.5,11830.0
928,2022-11-23 14:58:00,11830.25,11833.0,11822.25,11824.5
929,2022-11-23 14:59:00,11824.5,11833.5,11824.5,11832.5
930,2022-11-23 15:00:00,11832.75,11853.0,11801.75,11819.75
931,2022-11-23 15:01:00,11819.75,11827.5,11816.0,11823.25
932,2022-11-23 15:02:00,11823.75,11843.25,11822.25,11839.0
933,2022-11-23 15:03:00,11840.0,11845.25,11832.25,11842.25
934,2022-11-23 15:04:00,11842.75,11844.0,11834.75,11840.25
935,2022-11-23 15:05:00,11840.25,11842.75,11835.5,11841.5
936,2022-11-23 15:06:00,11841.75,11858.25,11838.75,11856.25
937,2022-11-23 15:07:00,11857.0,11864.25,11856.25,11859.75
938,2022-11-23 15:08:00,11860.5,11861.0,11853.5,11853.75
939,2022-11-23 15:09:00,11854.0,11854.5,11844.75,11851.75
940,2022-11-23 15:10:00,11851.75,11857.25,11848.5,11857.25
941,2022-11-23 15:11:00,11857.25,11858.25,11845.5,11848.0
942,2022-11-23 15:12:00,11847.5,11856.5,11842.25,11852.75
943,2022-11-23 15:13:00,11852.5,11858.75,11851.5,11856.5
944,2022-11-23 15:14:00,11856.75,11860.25,11850.25,11854.75
945,2022-11-23 15:15:00,11854.75,11857.5,11850.75,11852.0
946,2022-11-23 15:16:00,11852.0,11854.25,11838.0,11843.0
947,2022-11-23 15:17:00,11842.75,11851.75,11842.25,11845.25
948,2022-11-23 15:18:00,11845.5,11854.75,11843.5,11852.5
949,2022-11-23 15:19:00,11853.5,11855.5,11850.25,11852.5
950,2022-11-23 15:20:00,11853.0,11854.0,11845.75,11852.75
951,2022-11-23 15:21:00,11852.5,11853.75,11846.75,11848.75
952,2022-11-23 15:22:00,11849.0,11854.75,11847.0,11852.0
953,2022-11-23 15:23:00,11852.25,11852.5,11844.0,11852.25
954,2022-11-23 15:24:00,11852.0,11862.25,11849.25,11861.25
955,2022-11-23 15:25:00,11861.0,11868.25,11859.0,11860.75
956,2022-11-23 15:26:00,11861.0,11868.25,11860.0,11862.0
957,2022-11-23 15:27:00,11862.5,11863.25,11850.5,11854.75
958,2022-11-23 15:28:00,11855.5,11860.25,11851.0,11860.25
959,2022-11-23 15:29:00,11860.5,11864.0,11856.25,11859.0
960,2022-11-23 15:30:00,11859.25,11866.0,11856.5,11859.0
961,2022-11-23 15:31:00,11858.75,11866.5,11857.0,11866.5
962,2022-11-23 15:32:00,11866.0,11877.5,11866.0,11875.5
963,2022-11-23 15:33:00,11875.5,11879.25,11871.75,11874.25
964,2022-11-23 15:34:00,11874.5,11876.75,11872.25,11874.75
965,2022-11-23 15:35:00,11874.75,11878.75,11873.0,11875.75
966,2022-11-23 15:36:00,11876.0,11878.0,11872.25,11874.5
967,2022-11-23 15:37:00,11874.5,11877.0,11870.25,11871.5
968,2022-11-23 15:38:00,11871.25,11874.0,11869.25,11869.5
969,2022-11-23 15:39:00,11870.0,11877.0,11870.0,11873.0
970,2022-11-23 15:40:00,11873.25,11879.0,11872.25,11877.75
971,2022-11-23 15:41:00,11878.0,11878.5,11866.75,11869.75
972,2022-11-23 15:42:00,11869.75,11875.25,11867.5,11874.0
973,2022-11-23 15:43:00,11874.0,11890.5,11872.75,11876.25
974,2022-11-23 15:44:00,11876.25,11878.25,11871.75,11877.0
975,2022-11-23 15:45:00,11876.75,11879.0,11868.75,11870.5
976,2022-11-23 15:46:00,11870.5,11871.25,11859.25,11860.5
977,2022-11-23 15:47:00,11860.75,11865.75,11860.25,11865.25
978,2022-11-23 15:48:00,11865.75,11867.0,11856.75,11862.0
979,2022-11-23 15:49:00,11862.25,11866.25,11861.0,11864.0
980,2022-11-23 15:50:00,11864.5,11870.5,11863.75,11869.0
981,2022-11-23 15:51:00,11869.25,11872.25,11860.75,11864.5
982,2022-11-23 15:52:00,11864.75,11866.75,11860.0,11862.5
983,2022-11-23 15:53:00,11862.5,11867.0,11860.75,11865.25
984,2022-11-23 15:54:00,11865.5,11868.0,11863.0,11866.75
985,2022-11-23 15:55:00,11866.75,11869.0,11864.25,11869.0
986,2022-11-23 15:56:00,11868.75,11875.0,11868.25,11874.0
987,2022-11-23 15:57:00,11873.75,11875.25,11869.75,11872.5
988,2022-11-23 15:58:00,11872.5,11873.5,11870.25,11873.0
989,2022-11-23 15:59:00,11873.25,11876.75,11870.75,11876.5
990,2022-11-23 16:00:00,11876.75,11885.75,11875.5,11883.5
991,2022-11-23 16:01:00,11883.25,11885.5,11878.5,11882.25
992,2022-11-23 16:02:00,11882.75,11884.5,11880.25,11880.25
993,2022-11-23 16:03:00,11880.5,11881.25,11868.25,11868.25
994,2022-11-23 16:04:00,11868.5,11873.75,11865.75,11873.0
995,2022-11-23 16:05:00,11873.25,11875.75,11868.0,11870.0
996,2022-11-23 16:06:00,11870.5,11880.0,11870.5,11879.0
997,2022-11-23 16:07:00,11879.0,11880.75,11877.0,11879.5
998,2022-11-23 16:08:00,11880.0,11883.25,11876.5,11881.25
999,2022-11-23 16:09:00,11881.75,11882.5,11877.75,11879.25
1000,2022-11-23 16:10:00,11879.5,11884.0,11878.0,11878.75
1001,2022-11-23 16:11:00,11879.25,11881.5,11875.0,11875.75
1002,2022-11-23 16:12:00,11875.5,11881.75,11875.5,11880.0
1003,2022-11-23 16:13:00,11880.0,11880.75,11876.5,11878.0
1004,2022-11-23 16:14:00,11877.5,11881.75,11874.0,11878.25
1005,2022-11-23 16:15:00,11878.5,11882.0,11877.0,11881.5
1006,2022-11-23 16:16:00,11882.0,11882.0,11877.0,11881.0
1007,2022-11-23 16:17:00,11881.5,11883.0,11875.75,11877.0
1008,2022-11-23 16:18:00,11877.5,11877.5,11870.25,11874.0
1009,2022-11-23 16:19:00,11873.25,11874.25,11866.25,11868.75
1010,2022-11-23 16:20:00,11868.75,11875.75,11865.5,11875.75
1011,2022-11-23 16:21:00,11875.75,11879.5,11874.75,11879.0
1012,2022-11-23 16:22:00,11879.0,11879.5,11876.5,11878.25
1013,2022-11-23 16:23:00,11878.5,11882.0,11876.5,11877.0
1014,2022-11-23 16:24:00,11877.0,11879.75,11872.0,11873.25
1015,2022-11-23 16:25:00,11872.75,11873.5,11864.25,11865.25
1016,2022-11-23 16:26:00,11864.75,11866.5,11855.0,11855.25
1017,2022-11-23 16:27:00,11855.5,11860.75,11851.75,11859.5
1018,2022-11-23 16:28:00,11859.25,11867.0,11858.25,11866.0
1019,2022-11-23 16:29:00,11866.0,11867.0,11861.5,11863.25
1020,2022-11-23 16:30:00,11863.25,11863.25,11857.75,11859.75
1021,2022-11-23 16:31:00,11859.75,11859.75,11848.25,11848.5
1022,2022-11-23 16:32:00,11848.75,11856.0,11848.5,11854.5
1023,2022-11-23 16:33:00,11854.5,11854.5,11848.25,11853.5
1024,2022-11-23 16:34:00,11854.0,11857.0,11851.5,11856.5
1025,2022-11-23 16:35:00,11856.5,11857.75,11852.25,11852.25
1026,2022-11-23 16:36:00,11852.25,11854.75,11848.0,11849.25
1027,2022-11-23 16:37:00,11849.0,11854.5,11846.5,11851.75
1028,2022-11-23 16:38:00,11851.25,11853.75,11849.0,11850.25
1029,2022-11-23 16:39:00,11850.25,11857.75,11850.0,11856.0
1030,2022-11-23 16:40:00,11856.0,11857.5,11853.5,11854.25
1031,2022-11-23 16:41:00,11854.5,11858.0,11853.0,11856.5
1032,2022-11-23 16:42:00,11856.75,11861.5,11856.5,11858.5
1033,2022-11-23 16:43:00,11858.75,11862.5,11857.75,11861.75
1034,2022-11-23 16:44:00,11861.5,11862.0,11855.0,11859.25
1035,2022-11-23 16:45:00,11859.25,11860.25,11855.75,11856.0
1036,2022-11-23 16:46:00,11855.75,11856.25,11848.25,11848.5
1037,2022-11-23 16:47:00,11848.75,11850.25,11836.5,11839.5
1038,2022-11-23 16:48:00,11839.0,11840.0,11826.75,11829.5
1039,2022-11-23 16:49:00,11829.75,11831.25,11822.0,11822.5
1040,2022-11-23 16:50:00,11822.5,11831.25,11821.5,11829.25
1041,2022-11-23 16:51:00,11829.5,11830.5,11822.75,11829.75
1042,2022-11-23 16:52:00,11830.0,11832.0,11823.5,11824.25
1043,2022-11-23 16:53:00,11824.25,11827.5,11823.25,11826.5
1044,2022-11-23 16:54:00,11826.25,11826.5,11786.75,11790.25
1045,2022-11-23 16:55:00,11790.0,11793.25,11779.5,11784.5
1046,2022-11-23 16:56:00,11784.75,11785.25,11766.25,11773.75
1047,2022-11-23 16:57:00,11773.5,11781.5,11770.5,11780.5
1048,2022-11-23 16:58:00,11780.25,11782.75,11775.0,11780.25
1049,2022-11-23 16:59:00,11780.0,11788.0,11779.0,11785.75
1050,2022-11-23 17:00:00,11785.5,11789.75,11782.75,11789.0
1051,2022-11-23 17:01:00,11788.25,11791.25,11785.0,11785.75
1052,2022-11-23 17:02:00,11785.5,11789.5,11783.5,11785.25
1053,2022-11-23 17:03:00,11785.25,11788.5,11784.25,11786.75
1054,2022-11-23 17:04:00,11786.75,11790.5,11786.75,11789.75
1055,2022-11-23 17:05:00,11790.0,11796.75,11790.0,11796.5
1056,2022-11-23 17:06:00,11796.5,11803.75,11795.75,11802.25
1057,2022-11-23 17:07:00,11802.5,11803.5,11797.75,11801.25
1058,2022-11-23 17:08:00,11801.25,11807.0,11801.0,11803.0
1059,2022-11-23 17:09:00,11803.0,11806.25,11801.75,11804.5
1060,2022-11-23 17:10:00,11804.25,11805.75,11797.0,11799.5
1061,2022-11-23 17:11:00,11799.25,11802.0,11798.0,11798.5
1062,2022-11-23 17:12:00,11799.0,11802.25,11797.0,11801.75
1063,2022-11-23 17:13:00,11802.5,11812.25,11802.5,11806.5
1064,2022-11-23 17:14:00,11806.5,11813.5,11804.75,11805.75
1065,2022-11-23 17:15:00,11804.5,11809.5,11803.0,11804.25
1066,2022-11-23 17:16:00,11804.75,11810.0,11802.0,11808.25
1067,2022-11-23 17:17:00,11808.5,11813.0,11805.25,11812.25
1068,2022-11-23 17:18:00,11812.75,11813.75,11807.75,11812.75
1069,2022-11-23 17:19:00,11812.25,11813.25,11807.75,11808.5
1070,2022-11-23 17:20:00,11807.5,11813.75,11804.0,11812.5
1071,2022-11-23 17:21:00,11813.0,11817.0,11808.25,11813.75
1072,2022-11-23 17:22:00,11814.25,11814.25,11809.5,11812.5
1073,2022-11-23 17:23:00,11812.75,11814.5,11810.75,11812.0
1074,2022-11-23 17:24:00,11812.25,11813.0,11807.75,11809.25
1075,2022-11-23 17:25:00,11809.25,11813.5,11809.0,11812.25
1076,2022-11-23 17:26:00,11812.0,11816.5,11811.5,11812.75
1077,2022-11-23 17:27:00,11813.25,11816.25,11813.25,11815.75
1078,2022-11-23 17:28:00,11815.75,11816.0,11807.25,11808.75
1079,2022-11-23 17:29:00,11808.25,11810.75,11800.75,11803.75
1080,2022-11-23 17:30:00,11803.5,11811.5,11803.5,11805.75
1081,2022-11-23 17:31:00,11806.0,11807.5,11797.0,11800.5
1082,2022-11-23 17:32:00,11801.0,11810.0,11801.0,11809.0
1083,2022-11-23 17:33:00,11809.25,11811.0,11806.0,11807.0
1084,2022-11-23 17:34:00,11807.75,11810.0,11806.0,11806.25
1085,2022-11-23 17:35:00,11806.5,11807.0,11799.0,11802.0
1086,2022-11-23 17:36:00,11801.75,11804.5,11796.75,11797.75
1087,2022-11-23 17:37:00,11797.75,11802.25,11795.5,11798.25
1088,2022-11-23 17:38:00,11798.25,11801.25,11794.75,11799.75
1089,2022-11-23 17:39:00,11799.75,11809.0,11799.75,11805.5
1090,2022-11-23 17:40:00,11805.0,11806.25,11800.75,11803.5
1091,2022-11-23 17:41:00,11803.0,11803.75,11788.25,11790.5
1092,2022-11-23 17:42:00,11790.75,11793.25,11785.0,11789.0
1093,2022-11-23 17:43:00,11789.25,11792.0,11785.5,11787.25
1094,2022-11-23 17:44:00,11787.25,11792.75,11786.5,11789.75
1095,2022-11-23 17:45:00,11789.75,11791.75,11786.5,11789.75
1096,2022-11-23 17:46:00,11790.25,11798.0,11789.0,11797.0
1097,2022-11-23 17:47:00,11796.75,11799.5,11794.25,11795.0
1098,2022-11-23 17:48:00,11794.75,11797.5,11793.25,11795.0
1099,2022-11-23 17:49:00,11795.25,11798.5,11793.5,11795.75
1100,2022-11-23 17:50:00,11795.5,11797.0,11789.5,11790.25
1101,2022-11-23 17:51:00,11790.0,11791.75,11784.25,11789.5
1102,2022-11-23 17:52:00,11789.5,11790.0,11778.75,11781.0
1103,2022-11-23 17:53:00,11781.25,11781.25,11762.5,11766.75
1104,2022-11-23 17:54:00,11766.5,11774.5,11764.5,11771.25
1105,2022-11-23 17:55:00,11770.75,11772.0,11766.25,11767.5
1106,2022-11-23 17:56:00,11766.75,11767.75,11755.5,11756.25
1107,2022-11-23 17:57:00,11755.5,11759.5,11744.0,11749.5
1108,2022-11-23 17:58:00,11749.25,11754.0,11741.75,11753.5
1109,2022-11-23 17:59:00,11753.75,11762.0,11752.0,11760.75
1110,2022-11-23 18:00:00,11760.5,11761.75,11752.25,11754.75
1111,2022-11-23 18:01:00,11754.0,11761.0,11754.0,11759.5
1112,2022-11-23 18:02:00,11759.25,11769.25,11758.0,11766.75
1113,2022-11-23 18:03:00,11766.5,11770.5,11766.25,11767.25
1114,2022-11-23 18:04:00,11767.75,11774.5,11767.75,11773.0
1115,2022-11-23 18:05:00,11772.0,11774.0,11768.75,11770.0
1116,2022-11-23 18:06:00,11769.75,11774.5,11768.75,11772.0
1117,2022-11-23 18:07:00,11771.5,11775.0,11768.25,11773.5
1118,2022-11-23 18:08:00,11772.75,11775.25,11769.5,11773.25
1119,2022-11-23 18:09:00,11773.0,11775.75,11772.5,11773.25
1120,2022-11-23 18:10:00,11773.5,11774.5,11765.75,11771.25
1121,2022-11-23 18:11:00,11771.25,11774.5,11769.0,11770.75
1122,2022-11-23 18:12:00,11771.0,11771.25,11765.0,11768.75
1123,2022-11-23 18:13:00,11769.0,11773.25,11767.25,11768.0
1124,2022-11-23 18:14:00,11768.0,11770.75,11765.75,11765.75
1125,2022-11-23 18:15:00,11766.5,11775.0,11766.25,11772.25
1126,2022-11-23 18:16:00,11772.25,11779.0,11771.75,11775.0
1127,2022-11-23 18:17:00,11774.75,11781.75,11774.5,11779.75
1128,2022-11-23 18:18:00,11780.0,11780.5,11776.0,11778.25
1129,2022-11-23 18:19:00,11779.0,11783.0,11778.5,11781.75
1130,2022-11-23 18:20:00,11781.5,11786.0,11780.5,11784.75
1131,2022-11-23 18:21:00,11784.0,11788.75,11782.75,11783.25
1132,2022-11-23 18:22:00,11783.25,11787.5,11781.25,11782.0
1133,2022-11-23 18:23:00,11781.75,11788.25,11779.75,11787.75
1134,2022-11-23 18:24:00,11788.0,11789.25,11785.25,11788.25
1135,2022-11-23 18:25:00,11788.0,11789.25,11785.5,11786.0
1136,2022-11-23 18:26:00,11786.5,11789.25,11784.5,11789.0
1137,2022-11-23 18:27:00,11788.75,11792.25,11787.5,11791.25
1138,2022-11-23 18:28:00,11791.0,11801.25,11790.5,11798.5
1139,2022-11-23 18:29:00,11798.25,11801.5,11798.25,11800.75
1140,2022-11-23 18:30:00,11801.0,11809.0,11801.0,11806.25
1141,2022-11-23 18:31:00,11806.75,11810.5,11805.25,11810.0
1142,2022-11-23 18:32:00,11810.0,11811.5,11805.75,11807.0
1143,2022-11-23 18:33:00,11807.25,11807.75,11804.0,11806.5
1144,2022-11-23 18:34:00,11807.0,11811.75,11805.25,11807.0
1145,2022-11-23 18:35:00,11807.25,11811.75,11806.75,11808.0
1146,2022-11-23 18:36:00,11807.75,11811.25,11806.75,11807.0
1147,2022-11-23 18:37:00,11807.25,11812.75,11806.75,11809.5
1148,2022-11-23 18:38:00,11809.75,11815.5,11808.5,11814.75
1149,2022-11-23 18:39:00,11814.5,11818.5,11812.75,11814.5
1150,2022-11-23 18:40:00,11814.75,11817.0,11812.0,11814.0
1151,2022-11-23 18:41:00,11813.75,11816.0,11811.5,11815.5
1152,2022-11-23 18:42:00,11815.0,11816.75,11813.25,11815.5
1153,2022-11-23 18:43:00,11815.25,11815.5,11812.75,11814.5
1154,2022-11-23 18:44:00,11814.5,11822.5,11814.5,11820.5
1155,2022-11-23 18:45:00,11820.25,11821.25,11816.5,11818.0
1156,2022-11-23 18:46:00,11818.0,11819.5,11816.0,11818.5
1157,2022-11-23 18:47:00,11818.75,11824.0,11817.5,11823.25
1158,2022-11-23 18:48:00,11823.75,11824.0,11820.75,11822.75
1159,2022-11-23 18:49:00,11822.25,11822.25,11815.25,11815.5
1160,2022-11-23 18:50:00,11815.5,11816.75,11806.0,11809.0
1161,2022-11-23 18:51:00,11808.75,11813.75,11803.5,11804.75
1162,2022-11-23 18:52:00,11805.0,11808.75,11804.5,11807.25
1163,2022-11-23 18:53:00,11807.5,11812.0,11806.0,11810.0
1164,2022-11-23 18:54:00,11810.25,11810.5,11805.5,11808.75
1165,2022-11-23 18:55:00,11808.5,11808.75,11804.25,11805.75
1166,2022-11-23 18:56:00,11805.5,11808.75,11804.75,11807.0
1167,2022-11-23 18:57:00,11807.25,11809.25,11805.5,11808.75
1168,2022-11-23 18:58:00,11808.0,11808.5,11804.75,11806.75
1169,2022-11-23 18:59:00,11807.25,11813.0,11807.0,11812.5
1170,2022-11-23 19:00:00,11812.75,11842.0,11781.25,11781.25
1171,2022-11-23 19:01:00,11782.75,11838.0,11782.0,11831.0
1172,2022-11-23 19:02:00,11830.75,11861.25,11826.75,11857.25
1173,2022-11-23 19:03:00,11857.5,11884.5,11853.0,11861.5
1174,2022-11-23 19:04:00,11861.5,11884.75,11858.5,11879.0
1175,2022-11-23 19:05:00,11879.25,11881.5,11865.0,11868.75
1176,2022-11-23 19:06:00,11870.0,11873.5,11846.75,11852.25
1177,2022-11-23 19:07:00,11852.25,11865.0,11834.0,11837.75
1178,2022-11-23 19:08:00,11838.25,11852.5,11838.0,11846.75
1179,2022-11-23 19:09:00,11847.0,11861.0,11845.25,11850.75
1180,2022-11-23 19:10:00,11851.75,11856.75,11841.0,11846.25
1181,2022-11-23 19:11:00,11845.5,11845.5,11816.5,11827.75
1182,2022-11-23 19:12:00,11827.75,11847.0,11824.75,11845.0
1183,2022-11-23 19:13:00,11845.0,11849.5,11836.75,11845.0
1184,2022-11-23 19:14:00,11844.0,11858.0,11838.75,11853.5
1185,2022-11-23 19:15:00,11853.75,11863.25,11853.0,11856.5
1186,2022-11-23 19:16:00,11856.25,11861.5,11852.25,11856.5
1187,2022-11-23 19:17:00,11857.0,11858.25,11847.25,11848.75
1188,2022-11-23 19:18:00,11848.5,11857.5,11847.5,11857.0
1189,2022-11-23 19:19:00,11857.0,11857.5,11839.75,11847.0
1190,2022-11-23 19:20:00,11846.25,11857.0,11844.5,11849.75
1191,2022-11-23 19:21:00,11850.0,11851.75,11838.5,11845.5
1192,2022-11-23 19:22:00,11845.75,11857.75,11842.5,11854.5
1193,2022-11-23 19:23:00,11855.25,11863.0,11853.0,11861.75
1194,2022-11-23 19:24:00,11861.5,11866.25,11856.5,11863.75
1195,2022-11-23 19:25:00,11863.75,11866.75,11858.25,11866.25
1196,2022-11-23 19:26:00,11866.75,11878.75,11865.75,11878.5
1197,2022-11-23 19:27:00,11878.25,11883.5,11876.25,11880.75
1198,2022-11-23 19:28:00,11881.0,11882.75,11876.25,11879.75
1199,2022-11-23 19:29:00,11880.0,11882.75,11863.25,11865.0
1200,2022-11-23 19:30:00,11865.0,11866.25,11847.0,11855.75
1201,2022-11-23 19:31:00,11856.0,11856.5,11845.5,11852.0
1202,2022-11-23 19:32:00,11851.75,11855.25,11847.75,11855.0
1203,2022-11-23 19:33:00,11855.0,11860.5,11854.0,11858.0
1204,2022-11-23 19:34:00,11857.75,11860.5,11843.75,11847.0
1205,2022-11-23 19:35:00,11846.75,11847.75,11833.25,11842.25
1206,2022-11-23 19:36:00,11842.25,11844.75,11829.5,11830.25
1207,2022-11-23 19:37:00,11830.25,11838.5,11827.25,11835.25
1208,2022-11-23 19:38:00,11836.0,11842.5,11835.75,11836.25
1209,2022-11-23 19:39:00,11836.5,11838.75,11831.25,11836.75
1210,2022-11-23 19:40:00,11836.5,11841.5,11834.25,11837.5
1211,2022-11-23 19:41:00,11837.75,11848.25,11837.75,11847.0
1212,2022-11-23 19:42:00,11847.25,11848.5,11843.25,11847.5
1213,2022-11-23 19:43:00,11847.25,11850.5,11845.5,11848.5
1214,2022-11-23 19:44:00,11849.0,11857.5,11847.25,11856.0
1215,2022-11-23 19:45:00,11856.25,11856.75,11849.75,11854.75
1216,2022-11-23 19:46:00,11855.25,11858.0,11852.25,11857.5
1217,2022-11-23 19:47:00,11857.0,11863.0,11854.5,11860.0
1218,2022-11-23 19:48:00,11859.75,11874.5,11859.75,11874.0
1219,2022-11-23 19:49:00,11874.0,11876.25,11869.5,11871.25
1220,2022-11-23 19:50:00,11870.75,11871.5,11864.0,11868.5
1221,2022-11-23 19:51:00,11868.75,11875.5,11868.75,11873.5
1222,2022-11-23 19:52:00,11874.5,11880.5,11872.75,11876.25
1223,2022-11-23 19:53:00,11875.75,11882.25,11873.5,11877.25
1224,2022-11-23 19:54:00,11877.25,11880.5,11863.5,11864.25
1225,2022-11-23 19:55:00,11864.5,11873.0,11862.75,11867.25
1226,2022-11-23 19:56:00,11868.0,11874.75,11861.75,11867.0
1227,2022-11-23 19:57:00,11867.25,11871.5,11866.25,11868.0
1228,2022-11-23 19:58:00,11868.0,11870.5,11863.5,11865.5
1229,2022-11-23 19:59:00,11865.0,11869.75,11863.0,11865.5
1230,2022-11-23 20:00:00,11865.0,11865.75,11852.75,11856.0
1231,2022-11-23 20:01:00,11855.5,11861.25,11845.5,11852.0
1232,2022-11-23 20:02:00,11851.25,11861.75,11851.25,11858.75
1233,2022-11-23 20:03:00,11859.0,11863.5,11855.5,11856.25
1234,2022-11-23 20:04:00,11856.25,11862.25,11853.25,11860.0
1235,2022-11-23 20:05:00,11859.5,11866.25,11859.0,11865.5
1236,2022-11-23 20:06:00,11866.0,11874.75,11865.0,11872.25
1237,2022-11-23 20:07:00,11872.5,11874.5,11868.25,11870.25
1238,2022-11-23 20:08:00,11870.25,11875.25,11869.75,11873.5
1239,2022-11-23 20:09:00,11873.5,11877.0,11869.5,11871.75
1240,2022-11-23 20:10:00,11871.5,11871.5,11859.5,11862.75
1241,2022-11-23 20:11:00,11862.5,11874.25,11862.0,11873.0
1242,2022-11-23 20:12:00,11873.25,11877.75,11872.25,11875.0
1243,2022-11-23 20:13:00,11875.0,11877.5,11871.75,11874.5
1244,2022-11-23 20:14:00,11875.5,11876.0,11872.0,11874.5
1245,2022-11-23 20:15:00,11874.75,11875.5,11871.25,11874.25
1246,2022-11-23 20:16:00,11874.0,11877.25,11871.25,11876.0
1247,2022-11-23 20:17:00,11876.25,11887.5,11875.25,11886.25
1248,2022-11-23 20:18:00,11886.0,11886.5,11882.25,11885.5
1249,2022-11-23 20:19:00,11885.75,11892.75,11881.0,11889.5
1250,2022-11-23 20:20:00,11889.0,11891.25,11874.0,11878.5
1251,2022-11-23 20:21:00,11878.5,11879.5,11868.25,11871.5
1252,2022-11-23 20:22:00,11872.0,11876.5,11865.25,11874.0
1253,2022-11-23 20:23:00,11874.25,11880.75,11873.0,11874.0
1254,2022-11-23 20:24:00,11874.25,11880.25,11872.5,11879.25
1255,2022-11-23 20:25:00,11878.75,11881.25,11874.25,11877.25
1256,2022-11-23 20:26:00,11877.25,11880.0,11875.25,11877.5
1257,2022-11-23 20:27:00,11877.25,11879.5,11870.5,11873.5
1258,2022-11-23 20:28:00,11873.0,11877.25,11873.0,11874.25
1259,2022-11-23 20:29:00,11874.5,11876.25,11870.0,11871.5
1260,2022-11-23 20:30:00,11871.5,11872.75,11861.75,11865.75
1261,2022-11-23 20:31:00,11865.25,11865.25,11856.75,11861.25
1262,2022-11-23 20:32:00,11861.25,11867.25,11861.25,11864.0
1263,2022-11-23 20:33:00,11864.25,11865.25,11857.25,11857.75
1264,2022-11-23 20:34:00,11858.25,11861.75,11856.5,11856.75
1265,2022-11-23 20:35:00,11857.0,11859.75,11852.25,11854.75
1266,2022-11-23 20:36:00,11854.5,11863.25,11852.25,11863.0
1267,2022-11-23 20:37:00,11863.25,11865.0,11860.0,11861.75
1268,2022-11-23 20:38:00,11862.5,11865.5,11861.25,11862.0
1269,2022-11-23 20:39:00,11862.25,11866.75,11862.0,11866.5
1270,2022-11-23 20:40:00,11867.0,11868.0,11860.0,11861.75
1271,2022-11-23 20:41:00,11861.5,11861.5,11857.5,11858.75
1272,2022-11-23 20:42:00,11858.5,11859.75,11856.25,11858.75
1273,2022-11-23 20:43:00,11859.0,11861.25,11853.0,11856.75
1274,2022-11-23 20:44:00,11856.75,11861.0,11856.75,11858.5
1275,2022-11-23 20:45:00,11858.25,11858.25,11838.75,11847.0
1276,2022-11-23 20:46:00,11847.0,11851.5,11840.5,11847.0
1277,2022-11-23 20:47:00,11846.75,11847.25,11843.5,11846.5
1278,2022-11-23 20:48:00,11846.5,11850.75,11845.5,11847.0
1279,2022-11-23 20:49:00,11846.75,11848.25,11839.75,11845.0
1280,2022-11-23 20:50:00,11844.5,11858.0,11844.0,11852.5
1281,2022-11-23 20:51:00,11852.25,11857.25,11850.25,11855.0
1282,2022-11-23 20:52:00,11855.25,11855.75,11851.0,11853.75
1283,2022-11-23 20:53:00,11854.0,11857.75,11852.0,11857.25
1284,2022-11-23 20:54:00,11857.25,11864.0,11850.0,11850.75
1285,2022-11-23 20:55:00,11851.0,11851.0,11843.5,11847.0
1286,2022-11-23 20:56:00,11846.5,11851.25,11843.0,11849.25
1287,2022-11-23 20:57:00,11849.5,11852.0,11844.0,11847.75
1288,2022-11-23 20:58:00,11848.0,11861.75,11848.0,11859.75
1289,2022-11-23 20:59:00,11860.0,11869.25,11856.0,11868.75
1290,2022-11-23 21:00:00,11868.5,11873.0,11864.5,11870.25
1291,2022-11-23 21:01:00,11870.25,11871.0,11865.0,11866.75
1292,2022-11-23 21:02:00,11866.5,11869.25,11865.0,11865.75
1293,2022-11-23 21:03:00,11865.5,11873.25,11865.5,11870.25
1294,2022-11-23 21:04:00,11870.25,11873.25,11869.5,11869.5
1295,2022-11-23 21:05:00,11870.0,11872.25,11869.0,11871.5
1296,2022-11-23 21:06:00,11871.5,11873.75,11868.25,11873.0
1297,2022-11-23 21:07:00,11872.5,11873.0,11870.25,11872.5
1298,2022-11-23 21:08:00,11872.75,11874.25,11872.0,11874.0
1299,2022-11-23 21:09:00,11874.0,11876.0,11873.25,11874.75
1300,2022-11-23 21:10:00,11874.5,11878.0,11874.5,11876.5
1301,2022-11-23 21:11:00,11876.75,11878.25,11876.5,11878.0
1302,2022-11-23 21:12:00,11877.5,11879.25,11877.0,11878.5
1303,2022-11-23 21:13:00,11878.75,11879.0,11871.5,11873.0
1304,2022-11-23 21:14:00,11872.5,11873.0,11870.5,11872.25
1305,2022-11-23 21:15:00,11872.25,11876.0,11872.25,11875.5
1306,2022-11-23 21:16:00,11875.75,11879.0,11875.5,11877.5
1307,2022-11-23 21:17:00,11877.25,11879.0,11876.75,11879.0
1308,2022-11-23 21:18:00,11879.0,11879.0,11878.0,11878.5
1309,2022-11-23 21:19:00,11878.75,11879.0,11878.0,11878.75
1310,2022-11-23 21:20:00,11878.5,11879.5,11878.5,11879.0
1311,2022-11-23 21:21:00,11879.0,11880.0,11878.75,11879.75
1312,2022-11-23 21:22:00,11879.75,11880.0,11879.25,11879.25
1313,2022-11-23 21:23:00,11879.25,11879.75,11876.25,11878.0
1314,2022-11-23 21:24:00,11877.25,11877.25,11875.75,11876.0
1315,2022-11-23 21:25:00,11876.25,11877.75,11876.25,11877.75
1316,2022-11-23 21:26:00,11877.75,11878.0,11877.0,11877.25
1317,2022-11-23 21:27:00,11877.5,11878.5,11877.25,11877.75
1318,2022-11-23 21:28:00,11878.0,11878.25,11877.0,11878.0
1319,2022-11-23 21:29:00,11878.0,11878.0,11876.5,11877.0
1320,2022-11-23 21:30:00,11877.5,11878.25,11877.0,11878.25
1321,2022-11-23 21:31:00,11878.25,11880.0,11878.0,11879.25
1322,2022-11-23 21:32:00,11878.75,11879.25,11878.0,11879.25
1323,2022-11-23 21:33:00,11879.5,11880.0,11879.0,11879.75
1324,2022-11-23 21:34:00,11880.0,11880.5,11877.75,11879.5
1325,2022-11-23 21:35:00,11880.0,11880.25,11879.75,11880.0
1326,2022-11-23 21:36:00,11880.0,11880.5,11879.0,11880.0
1327,2022-11-23 21:37:00,11879.75,11880.0,11878.25,11878.75
1328,2022-11-23 21:38:00,11878.75,11879.5,11878.75,11878.75
1329,2022-11-23 21:39:00,11878.75,11880.0,11878.5,11878.75
1330,2022-11-23 21:40:00,11879.0,11879.0,11877.5,11877.5
1331,2022-11-23 21:41:00,11877.5,11878.25,11877.5,11877.5
1332,2022-11-23 21:42:00,11877.5,11878.5,11877.5,11878.5
1333,2022-11-23 21:43:00,11878.25,11878.5,11877.75,11877.75
1334,2022-11-23 21:44:00,11877.75,11878.0,11877.0,11877.75
1335,2022-11-23 21:45:00,11877.5,11877.5,11876.5,11876.75
1336,2022-11-23 21:46:00,11877.0,11877.0,11874.75,11875.0
1337,2022-11-23 21:47:00,11874.75,11876.25,11874.5,11876.25
1338,2022-11-23 21:48:00,11876.25,11876.25,11875.0,11875.5
1339,2022-11-23 21:49:00,11875.5,11875.5,11874.5,11875.5
1340,2022-11-23 21:50:00,11875.75,11876.25,11874.5,11876.0
1341,2022-11-23 21:51:00,11876.25,11876.5,11875.25,11876.0
1342,2022-11-23 21:52:00,11875.75,11876.5,11875.25,11876.0
1343,2022-11-23 21:53:00,11876.25,11877.0,11875.5,11875.5
1344,2022-11-23 21:54:00,11875.5,11875.75,11874.5,11874.75
1345,2022-11-23 21:55:00,11874.75,11875.5,11874.25,11875.5
1346,2022-11-23 21:56:00,11874.75,11875.75,11874.75,11875.5
1347,2022-11-23 21:57:00,11875.0,11875.0,11874.75,11874.75
1348,2022-11-23 21:58:00,11874.5,11874.75,11874.0,11874.75
1349,2022-11-23 21:59:00,11875.0,11877.75,11874.25,11877.75
1350,2022-11-25 14:30:00,11798.25,11805.75,11791.25,11801.75
1351,2022-11-25 14:31:00,11801.75,11804.25,11786.5,11799.75
1352,2022-11-25 14:32:00,11800.0,11804.0,11791.75,11796.75
1353,2022-11-25 14:33:00,11797.0,11800.5,11781.0,11785.75
1354,2022-11-25 14:34:00,11785.5,11786.25,11766.25,11769.75
1355,2022-11-25 14:35:00,11770.25,11785.5,11768.0,11784.0
1356,2022-11-25 14:36:00,11784.0,11796.75,11783.5,11793.75
1357,2022-11-25 14:37:00,11794.75,11806.5,11794.0,11800.25
1358,2022-11-25 14:38:00,11801.25,11813.75,11793.25,11812.0
1359,2022-11-25 14:39:00,11812.0,11812.5,11798.5,11801.5
1360,2022-11-25 14:40:00,11801.75,11802.25,11791.5,11792.75
1361,2022-11-25 14:41:00,11793.25,11800.0,11787.75,11798.25
1362,2022-11-25 14:42:00,11799.0,11802.0,11792.5,11799.75
1363,2022-11-25 14:43:00,11800.75,11803.5,11787.25,11790.0
1364,2022-11-25 14:44:00,11790.0,11796.75,11783.0,11789.25
1365,2022-11-25 14:45:00,11789.25,11793.0,11780.75,11791.5
1366,2022-11-25 14:46:00,11791.0,11797.0,11785.75,11788.75
1367,2022-11-25 14:47:00,11789.5,11790.25,11781.5,11786.25
1368,2022-11-25 14:48:00,11786.0,11790.5,11782.25,11783.25
1369,2022-11-25 14:49:00,11783.0,11785.25,11775.25,11776.75
1370,2022-11-25 14:50:00,11777.0,11786.5,11776.0,11784.5
1371,2022-11-25 14:51:00,11785.25,11793.25,11784.5,11789.25
1372,2022-11-25 14:52:00,11788.75,11796.75,11785.25,11795.5
1373,2022-11-25 14:53:00,11795.0,11799.5,11791.0,11798.5
1374,2022-11-25 14:54:00,11798.0,11798.25,11786.0,11786.5
1375,2022-11-25 14:55:00,11787.5,11793.75,11782.0,11789.25
1376,2022-11-25 14:56:00,11789.5,11798.25,11789.25,11796.75
1377,2022-11-25 14:57:00,11796.0,11807.75,11795.75,11806.0
1378,2022-11-25 14:58:00,11806.5,11809.75,11803.5,11807.5
1379,2022-11-25 14:59:00,11807.25,11807.25,11801.25,11803.25
1380,2022-11-25 15:00:00,11803.25,11806.0,11793.25,11798.75
1381,2022-11-25 15:01:00,11798.75,11813.0,11798.25,11812.0
1382,2022-11-25 15:02:00,11811.75,11816.25,11803.25,11805.25
1383,2022-11-25 15:03:00,11805.0,11811.5,11802.5,11809.5
1384,2022-11-25 15:04:00,11810.0,11815.25,11809.75,11813.0
1385,2022-11-25 15:05:00,11813.5,11817.5,11807.5,11809.25
1386,2022-11-25 15:06:00,11808.5,11813.25,11806.5,11807.75
1387,2022-11-25 15:07:00,11807.5,11810.0,11801.75,11804.5
1388,2022-11-25 15:08:00,11804.5,11805.0,11800.75,11803.25
1389,2022-11-25 15:09:00,11803.25,11812.0,11800.25,11810.5
1390,2022-11-25 15:10:00,11810.75,11815.0,11807.5,11808.0
1391,2022-11-25 15:11:00,11808.25,11814.25,11802.5,11814.0
1392,2022-11-25 15:12:00,11814.0,11819.25,11811.25,11813.0
1393,2022-11-25 15:13:00,11813.0,11815.75,11806.0,11810.25
1394,2022-11-25 15:14:00,11810.5,11812.5,11807.5,11812.25
1395,2022-11-25 15:15:00,11812.25,11817.5,11812.0,11815.0
1396,2022-11-25 15:16:00,11814.75,11820.75,11814.75,11817.75
1397,2022-11-25 15:17:00,11818.0,11827.25,11815.0,11826.5
1398,2022-11-25 15:18:00,11826.75,11827.5,11817.75,11820.75
1399,2022-11-25 15:19:00,11820.75,11821.0,11814.0,11816.0
1400,2022-11-25 15:20:00,11815.75,11817.5,11810.25,11812.0
1401,2022-11-25 15:21:00,11811.25,11817.0,11809.25,11816.25
1402,2022-11-25 15:22:00,11817.0,11823.0,11816.25,11818.0
1403,2022-11-25 15:23:00,11818.5,11820.25,11811.75,11813.5
1404,2022-11-25 15:24:00,11813.5,11818.5,11812.5,11815.0
1405,2022-11-25 15:25:00,11814.5,11816.25,11811.75,11815.25
1406,2022-11-25 15:26:00,11814.5,11817.0,11804.75,11806.0
1407,2022-11-25 15:27:00,11806.25,11809.25,11805.25,11806.75
1408,2022-11-25 15:28:00,11807.0,11807.75,11803.25,11807.5
1409,2022-11-25 15:29:00,11807.75,11811.5,11805.25,11805.75
1410,2022-11-25 15:30:00,11805.25,11814.5,11803.0,11813.25
1411,2022-11-25 15:31:00,11813.5,11814.25,11808.5,11810.0
1412,2022-11-25 15:32:00,11809.75,11811.0,11801.5,11804.5
1413,2022-11-25 15:33:00,11805.0,11810.5,11803.0,11809.5
1414,2022-11-25 15:34:00,11809.0,11812.5,11806.0,11810.25
1415,2022-11-25 15:35:00,11810.25,11816.25,11808.75,11813.25
1416,2022-11-25 15:36:00,11813.5,11813.75,11807.5,11810.5
1417,2022-11-25 15:37:00,11810.75,11811.25,11807.25,11810.0
1418,2022-11-25 15:38:00,11809.75,11811.0,11799.5,11800.5
1419,2022-11-25 15:39:00,11800.75,11804.75,11798.5,11801.75
1420,2022-11-25 15:40:00,11801.75,11806.5,11801.25,11804.75
1421,2022-11-25 15:41:00,11804.75,11806.0,11801.75,11803.25
1422,2022-11-25 15:42:00,11803.25,11803.5,11796.75,11799.75
1423,2022-11-25 15:43:00,11800.5,11805.5,11800.5,11805.0
1424,2022-11-25 15:44:00,11804.5,11806.75,11803.5,11806.25
1425,2022-11-25 15:45:00,11806.25,11809.0,11804.0,11805.0
1426,2022-11-25 15:46:00,11805.25,11806.25,11800.5,11803.25
1427,2022-11-25 15:47:00,11803.5,11805.5,11803.0,11805.5
1428,2022-11-25 15:48:00,11805.5,11810.5,11804.0,11809.5
1429,2022-11-25 15:49:00,11809.25,11812.75,11806.75,11810.75
1430,2022-11-25 15:50:00,11810.75,11811.75,11804.75,11804.75
1431,2022-11-25 15:51:00,11804.5,11807.0,11799.5,11804.25
1432,2022-11-25 15:52:00,11804.25,11809.5,11802.75,11806.0
1433,2022-11-25 15:53:00,11805.5,11810.5,11805.25,11808.75
1434,2022-11-25 15:54:00,11808.75,11810.5,11806.5,11809.0
1435,2022-11-25 15:55:00,11809.5,11809.75,11805.25,11807.25
1436,2022-11-25 15:56:00,11807.0,11809.0,11803.25,11808.25
1437,2022-11-25 15:57:00,11807.5,11811.25,11807.5,11809.25
1438,2022-11-25 15:58:00,11808.5,11808.75,11805.75,11807.0
1439,2022-11-25 15:59:00,11807.0,11808.75,11804.5,11807.25
1440,2022-11-25 16:00:00,11807.0,11809.75,11800.25,11801.5
1441,2022-11-25 16:01:00,11802.0,11807.5,11800.5,11806.75
1442,2022-11-25 16:02:00,11807.0,11816.25,11806.75,11816.25
1443,2022-11-25 16:03:00,11815.75,11819.5,11813.5,11819.25
1444,2022-11-25 16:04:00,11819.0,11824.75,11817.0,11818.0
1445,2022-11-25 16:05:00,11818.0,11822.75,11815.5,11820.0
1446,2022-11-25 16:06:00,11820.25,11823.0,11817.5,11822.5
1447,2022-11-25 16:07:00,11822.5,11823.0,11814.25,11816.75
1448,2022-11-25 16:08:00,11817.0,11819.5,11815.75,11816.0
1449,2022-11-25 16:09:00,11816.5,11816.5,11813.0,11814.0
1450,2022-11-25 16:10:00,11814.0,11816.0,11809.5,11812.5
1451,2022-11-25 16:11:00,11812.25,11813.0,11805.5,11806.25
1452,2022-11-25 16:12:00,11806.0,11809.75,11803.0,11807.25
1453,2022-11-25 16:13:00,11807.5,11809.5,11805.0,11806.5
1454,2022-11-25 16:14:00,11806.5,11808.25,11804.25,11806.75
1455,2022-11-25 16:15:00,11807.0,11807.75,11805.0,11807.25
1456,2022-11-25 16:16:00,11807.25,11807.75,11803.25,11805.75
1457,2022-11-25 16:17:00,11806.0,11808.5,11803.25,11808.0
1458,2022-11-25 16:18:00,11808.25,11809.5,11805.0,11806.5
1459,2022-11-25 16:19:00,11806.75,11811.0,11806.75,11808.5
1460,2022-11-25 16:20:00,11808.25,11811.75,11806.0,11806.0
1461,2022-11-25 16:21:00,11806.25,11808.75,11803.25,11803.25
1462,2022-11-25 16:22:00,11803.5,11805.75,11801.25,11805.75
1463,2022-11-25 16:23:00,11805.5,11808.5,11802.25,11802.25
1464,2022-11-25 16:24:00,11803.0,11806.75,11801.0,11802.25
1465,2022-11-25 16:25:00,11802.25,11802.25,11793.5,11798.0
1466,2022-11-25 16:26:00,11798.25,11801.25,11794.0,11794.25
1467,2022-11-25 16:27:00,11794.75,11798.5,11794.25,11797.75
1468,2022-11-25 16:28:00,11797.75,11799.0,11785.5,11786.25
1469,2022-11-25 16:29:00,11786.0,11791.0,11786.0,11790.0
1470,2022-11-25 16:30:00,11790.25,11791.0,11783.25,11785.5
1471,2022-11-25 16:31:00,11785.75,11787.5,11780.25,11781.25
1472,2022-11-25 16:32:00,11781.0,11782.0,11776.75,11777.5
1473,2022-11-25 16:33:00,11777.75,11779.75,11769.25,11777.75
1474,2022-11-25 16:34:00,11778.25,11783.75,11778.0,11782.75
1475,2022-11-25 16:35:00,11783.0,11784.75,11780.75,11783.25
1476,2022-11-25 16:36:00,11783.25,11786.25,11783.25,11785.25
1477,2022-11-25 16:37:00,11785.25,11788.0,11784.75,11787.0
1478,2022-11-25 16:38:00,11787.5,11789.0,11786.75,11787.0
1479,2022-11-25 16:39:00,11787.0,11789.0,11784.5,11787.75
1480,2022-11-25 16:40:00,11787.25,11788.75,11784.5,11785.25
1481,2022-11-25 16:41:00,11785.0,11789.0,11782.5,11783.75
1482,2022-11-25 16:42:00,11783.75,11789.0,11781.75,11788.25
1483,2022-11-25 16:43:00,11788.25,11791.5,11786.75,11791.0
1484,2022-11-25 16:44:00,11791.0,11795.25,11790.25,11795.25
1485,2022-11-25 16:45:00,11795.0,11797.25,11793.0,11796.25
1486,2022-11-25 16:46:00,11796.75,11799.25,11794.25,11794.5
1487,2022-11-25 16:47:00,11794.5,11796.75,11793.0,11796.5
1488,2022-11-25 16:48:00,11796.5,11797.25,11795.5,11796.75
1489,2022-11-25 16:49:00,11796.25,11796.75,11794.25,11795.25
1490,2022-11-25 16:50:00,11795.0,11799.0,11795.0,11795.75
1491,2022-11-25 16:51:00,11795.75,11797.5,11794.25,11795.5
1492,2022-11-25 16:52:00,11796.0,11797.25,11793.5,11796.5
1493,2022-11-25 16:53:00,11796.25,11797.5,11796.0,11797.0
1494,2022-11-25 16:54:00,11797.5,11800.0,11796.75,11799.25
1495,2022-11-25 16:55:00,11799.0,11799.75,11795.0,11797.5
1496,2022-11-25 16:56:00,11797.75,11798.25,11794.75,11796.5
1497,2022-11-25 16:57:00,11796.25,11801.25,11795.5,11800.75
1498,2022-11-25 16:58:00,11800.75,11803.75,11799.25,11801.5
1499,2022-11-25 16:59:00,11801.25,11803.25,11797.75,11799.75
1500,2022-11-25 17:00:00,11800.0,11800.25,11794.5,11795.5
1501,2022-11-25 17:01:00,11795.25,11798.25,11793.25,11795.75
1502,2022-11-25 17:02:00,11796.0,11800.0,11795.5,11799.5
1503,2022-11-25 17:03:00,11799.25,11800.0,11795.25,11796.0
1504,2022-11-25 17:04:00,11796.5,11797.25,11789.75,11789.75
1505,2022-11-25 17:05:00,11790.0,11791.0,11785.0,11787.25
1506,2022-11-25 17:06:00,11787.25,11796.75,11786.75,11796.5
1507,2022-11-25 17:07:00,11796.25,11796.25,11790.25,11794.5
1508,2022-11-25 17:08:00,11794.25,11794.25,11784.25,11785.5
1509,2022-11-25 17:09:00,11785.5,11789.0,11784.75,11787.5
1510,2022-11-25 17:10:00,11787.75,11792.75,11787.25,11788.25
1511,2022-11-25 17:11:00,11788.75,11791.75,11788.25,11790.0
1512,2022-11-25 17:12:00,11790.25,11791.75,11787.75,11788.5
1513,2022-11-25 17:13:00,11788.75,11793.75,11787.5,11793.5
1514,2022-11-25 17:14:00,11793.0,11795.5,11790.0,11790.0
1515,2022-11-25 17:15:00,11790.5,11792.0,11785.25,11789.0
1516,2022-11-25 17:16:00,11789.25,11789.25,11785.5,11786.0
1517,2022-11-25 17:17:00,11786.25,11788.25,11785.5,11786.0
1518,2022-11-25 17:18:00,11785.75,11787.5,11784.5,11787.0
1519,2022-11-25 17:19:00,11787.5,11790.75,11786.0,11787.75
1520,2022-11-25 17:20:00,11788.25,11789.25,11785.75,11787.25
1521,2022-11-25 17:21:00,11787.25,11789.5,11786.0,11787.0
1522,2022-11-25 17:22:00,11786.75,11789.75,11786.75,11789.5
1523,2022-11-25 17:23:00,11789.5,11792.5,11787.25,11791.75
1524,2022-11-25 17:24:00,11791.5,11795.5,11791.25,11793.5
1525,2022-11-25 17:25:00,11793.75,11800.25,11793.75,11799.0
1526,2022-11-25 17:26:00,11799.0,11801.75,11796.75,11800.25
1527,2022-11-25 17:27:00,11799.75,11802.75,11798.0,11802.25
1528,2022-11-25 17:28:00,11802.5,11803.0,11797.75,11799.75
1529,2022-11-25 17:29:00,11799.5,11803.0,11798.75,11802.5
1530,2022-11-25 17:30:00,11802.5,11803.75,11799.75,11801.0
1531,2022-11-25 17:31:00,11801.0,11803.5,11800.75,11800.75
1532,2022-11-25 17:32:00,11801.0,11803.5,11800.25,11802.5
1533,2022-11-25 17:33:00,11801.75,11802.5,11792.0,11793.0
1534,2022-11-25 17:34:00,11793.0,11795.25,11791.0,11792.25
1535,2022-11-25 17:35:00,11792.75,11792.75,11787.5,11789.5
1536,2022-11-25 17:36:00,11789.75,11791.0,11788.25,11790.25
1537,2022-11-25 17:37:00,11790.25,11795.25,11787.75,11792.75
1538,2022-11-25 17:38:00,11792.25,11795.5,11790.5,11790.75
1539,2022-11-25 17:39:00,11791.0,11794.0,11789.75,11792.25
1540,2022-11-25 17:40:00,11792.0,11794.0,11791.25,11793.5
1541,2022-11-25 17:41:00,11793.75,11794.5,11792.25,11793.5
1542,2022-11-25 17:42:00,11793.75,11794.5,11788.5,11794.0
1543,2022-11-25 17:43:00,11794.25,11794.25,11788.75,11793.0
1544,2022-11-25 17:44:00,11793.0,11794.0,11790.75,11793.25
1545,2022-11-25 17:45:00,11793.0,11793.5,11785.75,11791.75
1546,2022-11-25 17:46:00,11791.5,11793.5,11789.5,11791.25
1547,2022-11-25 17:47:00,11791.5,11793.0,11786.25,11787.5
1548,2022-11-25 17:48:00,11787.5,11790.5,11786.75,11789.25
1549,2022-11-25 17:49:00,11789.25,11791.75,11784.75,11786.75
1550,2022-11-25 17:50:00,11787.25,11794.25,11786.25,11792.0
1551,2022-11-25 17:51:00,11792.25,11792.75,11787.25,11791.0
1552,2022-11-25 17:52:00,11790.5,11792.0,11788.0,11790.75
1553,2022-11-25 17:53:00,11791.0,11794.0,11790.5,11791.5
1554,2022-11-25 17:54:00,11791.25,11795.5,11790.5,11791.5
1555,2022-11-25 17:55:00,11791.25,11791.25,11778.25,11780.75
1556,2022-11-25 17:56:00,11780.5,11781.75,11778.0,11779.75
1557,2022-11-25 17:57:00,11779.5,11787.75,11778.0,11782.5
1558,2022-11-25 17:58:00,11782.75,11783.5,11777.75,11782.0
1559,2022-11-25 17:59:00,11781.5,11786.5,11778.0,11785.0
1560,2022-11-25 18:00:00,11785.25,11789.0,11782.75,11784.75
1561,2022-11-25 18:01:00,11784.25,11786.25,11780.25,11782.5
1562,2022-11-25 18:02:00,11782.5,11783.75,11777.0,11777.25
1563,2022-11-25 18:03:00,11777.5,11782.75,11776.5,11778.0
1564,2022-11-25 18:04:00,11778.0,11784.75,11775.75,11783.5
1565,2022-11-25 18:05:00,11783.5,11784.75,11778.0,11778.0
1566,2022-11-25 18:06:00,11778.25,11779.75,11777.0,11777.0
1567,2022-11-25 18:07:00,11777.5,11778.5,11776.25,11777.75
1568,2022-11-25 18:08:00,11777.5,11779.25,11776.0,11777.25
1569,2022-11-25 18:09:00,11776.25,11779.25,11775.75,11776.75
1570,2022-11-25 18:10:00,11776.5,11781.5,11773.5,11781.0
1571,2022-11-25 18:11:00,11781.5,11782.5,11777.5,11780.5
1572,2022-11-25 18:12:00,11779.75,11788.5,11779.5,11785.75
1573,2022-11-25 18:13:00,11786.0,11787.75,11784.5,11786.0
1574,2022-11-25 18:14:00,11786.0,11788.75,11782.75,11786.75
